Taxa,Kategorie,Narrativ,Beschreibung,Beispiel 1,Beispiel 2,√ºbergeordnetes Thema,assoziierte Gruppe,Coronabezug,Akteure,Sonstiges
Skepsis / Falschinformation,Gefahr,Corona wird verharmlost,"Corona ist viel gef√§hrlicher, als offizielle Stellen behaupten. Die potentiellen Auswirkungen des Virus werden heruntergespielt, um die Bev√∂lkerung nicht zu beunruhigen.","Das Team um Prof. Neil M. Ferguson aus London hat errechnet, dass 2/3 aller aus China ""exportierten"" Virenf√§lle nicht entdeckt werden. Das ist ein Hammer! Das einzige was √ºberhaupt noch helfen k√∂nnte, w√§re ein SOFORTIGER REISESTOPP UND EINE GLOBALE QUARANT√ÑNE. DIE WELT M√úSSTE F√úR 14 TAGE STILL STEHEN. Ist nat√ºrlich illusorisch. Aber vielleicht denken wenigstens ein paar europ√§ische L√§nder nach und riegeln sich konsequent ab... Polen zum Beispiel.","Also, wer weiterhin behaupten will, das Coronavirus sei eine Kleinigkeit, nur weil die deutschen ""Qualit√§tsjournalisten"" sich in harmloses Schweigen h√ºllen, dem ist nicht mehr zu helfen.",Institutionsskepsis,NA,ja,NA,besonders zu Beginn der Pandemie verbreitet
Skepsis / Falschinformation,Coronaverharmlosung,Corona ist harmlos,Man muss keine Angst vor Corona haben. Vom Coronavirus geht keine oder zumindest keine gro√üe Gefahr aus. Corona ist nicht schlimmer als eine gew√∂hnliche Grippe. Der H√∂hepunkt der Pandemie ist l√§ngst √ºberschritten.,"Nur deswegen wurde jetzt die Gesetzesvorlage zum Verlust der Grundrechte f√ºr Impfverweigerer verfasst, die in zwei Wochen im Bundestag verabschiedet werden soll - obwohl der Erreger harmlos ist.","Die Veranstalter verlangen: [‚Ä¶] Ein sofortiges Ende des Covid-19 Ma√ünahmenpaktes, weil der H√∂hepunkt der ohnehin schwachen Corona-Kurve l√§ngst abgeflaut ist",NA,NA,ja,NA,"oft im Vergleich zu anderen Krankheiten (insb. Grippe) und in Verbund mit ""Pseudopandemie"", wenn zur Beweisf√ºhrung angef√ºhrt wird, dass Zahlen nicht stimmen"
Skepsis / Falschinformation,Coronaverharmlosung,Corona gibt es nicht,Die Existenz des Coronavirus ist nicht belegt. Corona gibt es nicht.,"Wie gesagt ich bin jeden Tag mit Menschen in Kontakt durch mein Beruf. Glaubt mir ich habe kein Coronavirus oder dergleichen, das ist kompletter Schwachsinn. Verarschung von der Elite, also bleibt alle ruhig und nicht in Angst verharren. Lebt euer Leben so gut wie es die jetzige Zeit es herrmacht!!!!! Angst ist der gr√∂√üte Virus den es gibt, damit kann man Menschen manipulieren und kontrollieren!!!!","Denn es ist sicher so, dass man nie wei√ü ob dieser Moment wieder kehrt und ob man nicht morgen an irgendetwas anderem stirbt zum Beispiel an einem Herzinfarkt oder einen Schlaganfall oder irgendetwas anderem. Diese Angst vor dem Tod zu instrumentalisieren um Liebe zu zerst√∂ren ist so krank dagegen ist Sars-CoV-2 √ºberhaupt nichts wenn es das gibt",NA,NA,ja,NA,"coronaspezifisch; bei genereller Leugnung der Existenz von Virenz ""Medischwurbel"""
Skepsis / Falschinformation,Coronaverharmlosung,Pseudopandemie,"Die offizielle Darstellung der sogenannten Pandemie ist unberechtigte Panikmache. Die Virusverbreitung ist viel geringer als offiziell angegeben. Die Zahlen zur Anzahl der Infektionen und der Toten sind falsch und viel h√∂her als in Wirklichkeit. Der Kurs der schwedischen Regierung im Umgang mit der ""Pandemie"", der schwedische Sonderweg, ist ausreichend. Die Corona-Tests sind extrem unzuverl√§ssig und damit wertlos und irref√ºhrend.","Zu den ¬ªgro√üen Mythen¬´, mit denen Lockdowns und weitgehende Stilllegung des Alltags in in Deutschland seit Monaten begr√ºndet werden, z√§hlt die √úberlastung der Krankenh√§user in dieser sogenannten Pandemie, in der es immer weniger Opfer gibt. Eine reale Pandemie zeichnet sich durch massiv ansteigende Hospitalisierungszahlen aus, quer durch alle Altersstufen und vor allem urs√§chlich an der Pandemie erkrankten F√§llen aus. Bei Corona ist das Gegenteil der Fall.","Interessant ist eben, dass die Tests sinn und wertlos sind (was der Kenntnisstand sein d√ºrfte, von jemanden der alternativ informiert ist), die test anzahlen dennoch ohne sinn und verstand massiv erh√∂ht werden, gleichzeitig aber keine Aussage besteht √ºber die verwendeten Tests.",Institutionsskepsis,NA,ja,"Wiehler, Spahn, Lauterbach, Drosten, Massenmedien","oft verbunden mit der Unterstellung unlauterer Motive: Geltungssucht von Wissenschaftlern, Profitgier von Unternehmen, Geldpr√§mie f√ºr Verstorbene, bei denen als Todesursache COVID-19 eingetragen wird"
Skepsis / Falschinformation,Coronaverharmlosung,Pseudoexperten,"Wichtige Stimmen und Entscheidungstr√§ger in der Pandemie, wie Gesundheitsminister Jens Spahn, RKI-Pr√§sident Lothar Wieler oder der Virologe Christian Drosten, sind keine echten Experten. Sie sind entweder fachfremd oder inkompetent. Schon ihre akademische Qualifikation ist zweifelhaft.","Nach dem Trial-&-Error-Prinzip wurde auf Empfehlung nassforscher Wissenschaftler hin mal eben das gesamte Land heruntergefahren, Schulden f√ºr Generationen, Millionen Arbeitslose und Insolvenzen produziert ‚Äì blo√ü damit sich ein als Gesundheitsminister t√§tiger Bankkaufmann dreist hinstellt und achselzuckend erkl√§rt: Sorry, war eigentlich alles gar nicht n√∂tig.","Das war das zentrale Angst-Motiv, mit dem Bundesregierung und Expertendarsteller unter mehr als williger Mitwirkung der Staatsmedienlandschaft die √ñffentlichkeit eingesch√ºchtert haben.",Institutionsskepsis,NA,ja,"Fauci, Wiehler, Spahn, Lauterbach, Drosten",NA
Skepsis / Falschinformation,5G,5G,"Die Strahlung des neuen 5G-Netzes ist sch√§dlich f√ºr Menschen. Sie schw√§cht das Immunsystem, sch√§digt menschliche Zellen und macht Menschen anf√§lliger f√ºr COVID-19.","Der Ursprung ist, das Menschen nach einigen Monaten Bestrahlung mit 5G einfach zusammenbrechen. √úberall da wo 5G getestet wird, gibt es Opferzahlen.

Wuhan - Gr√∂sster weltweiter Test seit 2019
Mailand - Test
S√ºdkorea - sowieso

Was da Geschieht ist folgendes:
a.) Schaltet es die Gehirne empfindlicher Menschen einfach ab
b.) Schw√§cht das Immunsystem durch Dauerreizung und
c.) Schaltet den Vitamin D Rezeptor aus
e.) Wissen wir schon seit dem ""Verschw√∂rungsbuch"" Dr. Marys Monkey, dass Strahlung Viren (aus Impfungen) aktiviert

Das Coronavirus ist also eine Erkl√§rung daf√ºr, warum in Wuhan 5Mio Menschen nicht mehr da sind (Die sind ja angeblich in den Urlaub gefahren....nur wenn das so w√§re, dann h√§tten die anderen Chinesen die Wuhaner aus Panik totgeschlagen. Daf√ºr sehen wir in vielen Videos ja schon Beweise. Aber ich habe nix geh√∂rt von 5Millionen, die erschlagen wurden...)","5 g kommen bald zum Einsatz, die sind schon an, aber schwach.
Oder glaubt ihr immer noch, das die unseres Netz beschleunigen? Bei mir nur die Ausf√§lle immer wieder, eher verschlechtert
Diese Schei√üe oben auf D√§chern muss weg!
Das sind Waffen
Wenn ihr noch nicht verstanden habt, sind wir bereits im Krieg
Nur wird es anders gek√§mpft",NA,NA,z.T.,NA,kn√ºpft an diverse √§ltere √Ñngste vor Rundfunkmasten etc. an; oft in Verbindung mit Verschw√∂rungsnarrativen
Skepsis / Falschinformation,Ma√ünahmenkritik,Ma√ünahmen illegal,"Die staatlichen Ma√ünahmen zur Eind√§mmung der Pandemie sind nicht mit dem Grundgesetz vereinbar und deshalb illegal. Der Staat operiert ohne g√ºltige Rechtsgrundlage und verfassungswidrig. Grundrechte und Menschenrechte der B√ºrger werden durch Maskenpflicht, Lockdowns und weitere Ma√ünahmen systematisch verletzt.","Menschen in Dresden zeigen Zivilcourage. So sollten alle Menschen die Polizei ansprechen, die den B√ºrgen einfachste Menschenrechte untersagt und die illegalen Ma√ünahmen der Regierung durchsetzt!","Anwalt Ralf Ludwig: Maskenpflicht verst√∂√üt gegen Folterverbot
Ist die Maskenpflicht ein Verbrechen gegen die Menschlichkeit? Zu dieser und anderen Fragen gibt Rechtsanwalt Ralf Ludwig Antworten in einem Exklusiv-Interview mit Epoch Times.",Ma√ünahmenkritik,NA,ja,Spahn,"oft in Verbindung mit ""Demokratur"" oder ""Diskriminierung"""
Skepsis / Falschinformation,Ma√ünahmenkritik,Diskriminierung,"Menschen, die sich den Ma√ünahmen der Regierung widersetzen, indem sie keine Masken tragen, sich nicht testen oder gegen Corona impfen lassen, werden aus der Gesellschaft ausgegrenzt. Damit werden Ma√ünahmenkritiker und Impfskeptiker als B√ºrger zweiter Klasse systematisch diskriminiert. Eine Impf-Apartheit droht.","Mit dem geplanten Impfpass werden in naher Zukunft all jene Menschen benachteiligt und ausgegrenzt, welche sich aus gesundheitlichen Bedenken keinen der Covid-19 Impfstoffe spritzen lassen wollen.","""Das Gastgewerbe verf√ºge laut von Kretschmann, Gesch√§ftsf√ºhrerin Hotel Europ√§ischer Hof in Heidelberg, √ºber funktionierende Hygienekonzepte, deshalb w√ºrde man es bef√ºrworten, ""wenn wir die Geimpften, die Genesenen und die Getesteten wieder bei uns begr√º√üen d√ºrfen"".""

Alle Anderen m√ºssen halt leider draussen bleiben.

#ImpfApartheid #Impfpflicht #Grundrechte",Ma√ünahmenkritik,NA,ja,NA,NA
Skepsis / Falschinformation,Ma√ünahmenkritik,Tests / Masken sind gef√§hrlich,"Corona-Tests und/oder Masken sind gef√§hrlich. Der Stoff der Masken und  Testst√§bchen enth√§lt Morgellons (bewegliche schwarze F√§den) oder andere Krankheitserreger und Schadstoffe. Tests und Masken machen krank. In Krankenh√§usern sterben die Leute nicht am Coronavirus, sondern wegen der Beatmungsger√§te.","Freunde,
Vielleicht sollten die Menschen, im Bezug auf die Tests, neben den sich bewegenden F√§den in Masken, auch das hier wissen ‚òùÔ∏è

Ethylenoxid wird nicht nur in Sterilisationsverfahren zur Lebensmittelsterilisation verwendet, sondern auch die Einweg-Gesichtsmasken werden damit sterilisiert.
In Lebensmitteln kann es als R√ºckstand von Kontaminaten auftreten.
Somit besteht neben den Morgellons, die sich auf Testst√§bchen und Einweg-Gesichtsmasken befinden, noch eine weitere Gefahr f√ºr unsere Gesundheit.

Ethylenoxid ist ein Gas, das zur Sterilisation von Nahrungsmitteln und Medizinausr√ºstung (Verb√§nde, N√§hte und Spritzen) verwendet wird. Es ist giftig und krebserregend.
[sie] vergiften uns in allen Lebenslagen!

Vergiftung durch die Maske.","Aber das Problem im Maskenbereich kann ich best√§tigen. Ich hatte generell kleine Kr√§tze Bereiche, sog Schmierkr√§tze und regelm√§√üig Taubheitsgef√ºhle. Seit Mitte Dezember trage ich die Maske ganz wenig und habe nur noch selten diese Taubheitsgef√ºhle. Ein Kumpel von mir schwitzt schnell bei der Arbeit ( arbeitet bei Kaufland) und er hat diese Schmierkr√§tze regelm√§√üig. Als er noch nichts davon wusste hat er seine Frau damit angesteckt.","Ma√ünahmenkritik, Massenvernichtung",NA,ja,NA,NA
Skepsis / Falschinformation,Ma√ünahmenkritik,Gegenma√ünahmen gef√§hrlicher als Virus,"Die psychischen und physischen Belastungen durch Lockdown, Maskenpflicht, Tests, Schulschlie√üungen, Gesch√§ftsschlie√üungen usw. sind gravierender als die Gefahr, die von Corona ausgeht. Kinder leiden besonders stark unter den Ma√ünahmen zur Eind√§mmung der Pandemie.","Das Leid und der Tod von Menschen wird billigend in Kauf genommen.
Die Richter des VGH ignorieren komplett s√§mtliche wissenschaftl.  Erkenntnisse. Sie behaupten Gesundheitsschutz, wo es um Verhinderung der Einforderung eben dieses Gesundheitsschutzes geht.
Gef√§hrdete Menschen werden ihrem Schicksal √ºberlassen, isoliert, eingesperrt, nicht mehr ausreichend betreut durch Ma√ünahmen der Regierung.
Vorsorgeuntersuchungen werden abgesagt, Patienten mit anderen Erkrankungen nicht mehr behandelt. Demente Menschen im Stich gelassen.","Professor Homburg kritisiert offen die Ma√ünahmen der Bundesregierung bzgl. der Abbremsung der Ausweitung des Coronavirus. In Relation mit den ECHTEN Todeszahlen, sind diese Ma√ünahmen nicht anders zu beschreiben als: V√ñLLIG √úBERTRIEBEN und WIRTSCHAFTSZERST√ñREND. Es sterben mehr Menschen an den Folgen der Ma√ünahmen als an dem Virus!",Ma√ünahmenkritik,NA,ja,NA,"eines der Hauptargumente der ""gem√§√üigteren"" Ma√ünahmengegner"
Skepsis / Falschinformation,Alternative Gegenmittel,Bleich- und Desinfektionsmittel,"Die Einnahme oder Injektion von Bleich- oder Desinfektionsmitteln (wie Chlordioxid, CDL, CDS, MMS usw.) t√∂tet das Coronavirus im K√∂rper ab und ist deshalb ein wirksames Gegenmittel.","Mitten in ‚ÄûCoronazeiten‚Äú bringt Andreas Kalcker den Nachweis daf√ºr, dass Chlordioxid h√∂chstwirksam gegen COVID-19 ist, so wie es der Tierarzt Dirk Schrader seit langem vermutete: ""In Equador wurden zum Teil lebensgef√§hrlich Erkrankte binnen 3 Tagen in das Leben zur√ºckgeholt. Und nun hat dort das Milit√§r und die Polizei Chlordioxid als erste Waffe gegen diese fiese Erkrankung auserkoren.""

Es gibt dort (T√ºrkei) keine Lobby der Pharmaindustrie, kein Psiram.com, kein Correctiv ‚Äì keine Medienmeute, die in vorauseilendem Gehorsam diese sichere und extrem preiswerte Therapie verteufelt!","Chlordioxid, auch bekannt als ""CDL"" oder ""MMS"", was noch aktiviert werden muss, ist ein einfaches, getestetes und hochwirksames, sowie ungef√§hrliches Heilmittel f√ºr Corona und viele weitere Erkrankungen. Alle Corona-Ma√ünahmen und Impfungen w√§ren kein Thema mehr und alle k√∂nnten wieder frei und ohne Angst leben. Hochrisikopatienten m√ºssten keinen gef√§hrlichen Behandlungen mehr unterzogen werden und w√ºrden nur noch im absoluten Ausnahmefall versterben. Chlordioxid ist sehr g√ºnstig, bei richtiger Anwendung und Dosierung ungef√§hrlich, seit Jahrzehnten im Einsatz zur Wasseraufbereitung und jeder kann es rezeptfrei erwerben. Es kann somit also die L√∂sung aller derzeitigen Probleme darstellen!","alternative Medizin, Antipharma",NA,ja,Trump,MMS wurde schon vor der Pandemie als Wundermittel vertrieben
Skepsis / Falschinformation,Alternative Gegenmittel,umfunktionierte Medikamente,"Bew√§hrte Medikamente wie Chloroquin/Hydroxychloroquin, Azithromycin oder Ivermectin helfen auch gegen COVID-19.","Es sieht tats√§chlich so aus, das Ivermectin ein probates Mittel ist, um eine tats√§chliche Corona-Infektion (15% der Influenza-√§hnlichen Erkrankungen!!) zu behandeln. Viele Dritt-Welt-L√§nder haben zeigen k√∂nnen, dass damit die Hospitalisierungsrate reduziert wird. Zum √Ñrger der Big-Pharma sogar besser als mit den Impfungen.","HEILMITTEL SCHON LANGE DA | √ÑRZTE PACKEN AUS

√Ñrzte haben sich in Washington DC versammelt um Amerika verst√§ndlich zu machen, das es bereits wirksame Behandlungsm√∂glichkeiten gegen COVID-19 gibt.

Ein Arzt aus Texas sagt: ""Wir haben ein Heilmittel gegen COVID-19. Es ist Hydroxychloroquin, Azithromycin und Zink.""",NA,NA,ja,NA,umfunktionierte Medikamente
Skepsis / Falschinformation,Alternative Gegenmittel,sonstige Wundermittel,"Diverse einfache Mittel helfen gegen COVID-19, u.a. Vitamine, Hei√üluft, Knoblauch, Zwiebeln, Alkohol, Zistrosenextrakt, Kuhdung, Kuhurin oder R√§ucherst√§bchen. Das Coronavirus l√§sst sich hom√∂opathisch wirksam behandeln (z.B. mit Nosoden, Globuli oder Arsenicum album C30).",Hochdosiertes Vitamin C zum Schutz vor COVID-19 und dem Spike-Protein,NA,"alternative Medizin, Antipharma",NA,ja,NA,"Sammlung diverser Narrative, die f√ºr sich allein vmtl. zu selten vorkommen"
Skepsis / Falschinformation,Alternative Gegenmittel,wirksame Mittel werden uns vorenthalten,"Es gibt wirksame, g√ºnstige und weniger sch√§dliche Gegenmittel und Impfstoffe gegen Corona, die von Medien und Politik verschwiegen werden. Alternative Heilmittel gegen COVID-19 und/oder ein klassischer Totimpfstoff werden uns absichtlich vorenthalten.","Es gibt eine Behandlung mit einem Medikament, die in Verbindung mit Vitamin D3, Zink und anderen Covid19 zu ca. 90% vorbeugen und heilen soll. Dazu gibt es √ºber 20 internationale Studien. Jedoch werden diese Informationen zensiert. Es entsteht der Anschein, dass nicht die Gesundheit im Vordergrund gewisser M√§chte steht, sondern die mediale Panikmache, um ein RNA Massenimpfung durchzusetzen, die Risiken mit sich bringt, die noch nicht vollst√§ndig absehbar sind.","Warum verschweigen die Medien die Totimpfstoffe ?!

Der Verband Forschender Arzneimittelhersteller e.V., Berlin listet auf seiner Webseite (Stand 7.12.2021) ""Impfstoffe zum Schutz vor der Coronavirus-Infektion Covid-19"" 44 Impfstoffe.
11 (elf) davon sind klassische, traditionelle Totimpfstoffe !
Mindestens einer existiert seit knapp 12 Monaten!
Viele h√§tten l√§ngst einer Behandlung mit einem Totimpfstoff zugestimmt. So auch ich.

> WARUM leugnet die Regierung die Existenz dieser echten Impfstoffe und verhindert ihre Anwendung?
> WARUM kriminalisiert die Regierung impfwillige Menschen?
> WARUM beschimpft die Regierung impfwillige Menschen als ""Impfgegner"" und treibt das Land in ein soziales Chaos?
> WARUM wird der chinesische Totimpfstoff in der EU nicht zugelassen?",Institutionsskepsis,NA,ja,Fauci,oft im Kontext von QAnon und √úberbev√∂lkerungsreduktionsnarrativen
Skepsis / Falschinformation,Ursprung / Verbreitung,Labortheorie,"Das Coronavirus ist k√ºnstlicher Herkunft, also menschengemacht. COVID-19 wurde in einem Labor gez√ºchtet, beispielsweise in Wuhan.","Ein bisschen spooky ist dieser Tod des ehemaligen wissenschaftlichen Direktors des Nationalen Mikrobiologie-Labors in Kanada ja schon: Ausgerechnet jetzt in der Corona-Virus-Krise. Und ausgerechnet beteiligt ist das kanadische Labor, das eine mysteri√∂se Verbindung mit dem Hochsicherheitslabor in Wuhan hat.

Im M√§rz 2019 sollen von Kanada aus verschiedene, t√∂dliche Viren nach Wuhan geschickt worden sein. Im Juli 2019 dann setzte das kanadische Labor Knall auf Fall eine chinesische Virologin, ihren Mann und ihre Studenten vor die T√ºr und untersagte das Betreten des Labors.

Und jetzt stirbt also der Ex-Direktor, Mikrobiologe und Experte f√ºr Infektionskrankheiten Dr. Frank Plummer in Kenia an einer Herzattacke?

Ein indisches Online-Portal fragt ganz unverholen:
""Frank Plummer - Kanadischer Wissenschaftler Schl√ºssel zur Untersuchung des Coronavirus - in Afrika ermordet?""","Der franz√∂sische Virologe Luc Montagnier, der 2008 den Nobelpreis f√ºr die Entdeckung des Humanen Immundefizitvirus (HIV) erhalten hatte, vertritt die Auffassung, dass das neuartige Coronavirus Sars-CoV-2 k√ºnstlicher Herkunft ist und in einem Labor entwickelt wurde.

‚ÄûDas Virus ist nicht nat√ºrlicher Herkunft, sondern ein Ergebnis der Arbeit von Molekularbiologen‚Äú, sagte der Forscher. ‚ÄûZu welchem Zweck dies gemacht wurde, ist unklar. (‚Ä¶) Meine Arbeit besteht darin, Fakten anzuf√ºhren. Ich beschuldige niemanden, ich wei√ü nicht, wer das getan hat und warum. M√∂glicherweise wollte man einen Impfstoff gegen AIDS entwickeln‚Äú, so Montagnier.",NA,NA,ja,NA,Varianten: Biowaffe oder versehentliche Freisetzung
Skepsis / Falschinformation,Ursprung / Verbreitung,Fremde als Pandemietreiber,"Die Pandemie wird durch Ausl√§nder (wie Chinesen), Migranten, Asylbewerber und/oder Muslime eingeschleppt und verbreitet. Diese halten sich nicht an die Pandemiebestimmungen und sind besonders gef√§hrlich.","Geheimbericht der Bundesregierung warnt:
Migranten k√∂nnten Corona-Epidemie in Deutschland ausl√∂sen

Ein streng unter Verschluss gehaltener Geheimbericht des Bundesgesundheitsministeriums, den der Deutschland Kurier einsehen konnte, warnt vor einer Coronavirus-Epidemie durch afrikanische Migranten!

‚ÄûAuf dem schwarzen Kontinent sollen sich rund eine Million Chinesen als Gastarbeiter, Entwicklungshelfer und Wirtschaftsberater aufhalten. Zigtausende Afrikaner studieren in China.

Viele Regionen in Afrika haben schon heute mit Epidemien wie Malaria, HIV und Tuberkulose zu k√§mpfen. Es fehlt an hygienischen Mindeststandards, Kliniken, √Ñrzten, Pflegern und medizinischer Versorgung. F√ºr Coronaviren, die offenbar viel gef√§hrlicher sind als bislang zugegeben wird, w√§re das ein idealer N√§hrboden!

Genau vor dieser Gefahr haben Experten des ¬ªRobert Koch-Instituts¬´, einer nachgeordneten Beh√∂rde des Bundesgesundheitsministeriums, gewarnt. Nicht auszudenken, was passiert, wenn eintrifft, was in einem Geheimbericht des Ministeriums steht, den der Deutschland Kurier einsehen konnte:

Im Mittelmeer ¬ªgerettete¬´ Migranten schleppen die Krankheit massenhaft nach Deutschland ein, wo sich das Virus dann in den Unterk√ºnften rasend schnell verbreitet ‚Äì ein Szenario apokalyptischen Ausma√ües!

[...]

Die Gefahr, dass sich das Virus im Zuge der Massenmigration unkontrolliert ausbreiten k√∂nnte, spielte nach DK-Informationen auch eine Rolle auf der Sitzung des Exekutivrats der Weltgesundheitsorganisation WHO am 3. Februar. Die Stimmung unter den afrikanischen Mitgliedstaaten sei dabei ¬ªsehr nerv√∂s¬´ gewesen, hie√ü es.","√úberraschung: F√ºnf ""neue"" G√§ste positiv auf Corona getestet!

Anstatt dass die Regierung hier ordentliche Ma√ünahmen ergreift und die Grenzen schlie√üt, stoppt man die Abschiebungen. Jetzt zeigt sich in Heidelberg, was wir bereits Ende Februar auf unserem Blog  prophezeit hatten: Migrationsrouten werden zu Virusrouten!",GMF,Rechte,ja,NA,NA
Skepsis / Falschinformation,Gef√§hrlichkeit der Impfung,abgetriebene Embryonen f√ºr Impfstoffherstellung,F√ºr die Herstellung neuartiger mRNA-Impfstoffe gegen das Coronavirus (wie von BioNTech oder Moderna) werden menschliche Embryonen oder abgetriebene F√∂ten benutzt.,"Und was ist eigentlich mit Veganern? Haben die nichts gegen abgetriebene F√∂ten als Grundlage von Impfstoffen? ....

""Eine Gruppe von Bisch√∂fen und Kardin√§len hatte bereits im Mai 2020 in einem vision√§ren Aufruf ... ... gewarnt ....darin auch die Verwendung von Vakzinen, bei deren Herstellung oder Entwicklung Zellen abgetriebener Kinder eine Rolle spielen werden als inakzeptabel verurteilt üëÄ

Nehmt das Gift nicht an üíâüíâüíâ","‚ÄºÔ∏èKABOOM üß® Covid1984 Impfstoff enth√§lt Lebergewebe von abgetriebenen S√§ugling und entwurzelt unser Lebensblut

AstraZeneca war immer der Hauptkandidat f√ºr den Impfstoff, der zur Vernichtung unserer menschlichen DNA durch Chim√§re ben√∂tigt wird (Tier/MRNA) ""Entwurzelung"" unseres Lebensbluts durch Rekombination von mehreren DNA-Quellen insbesondere ChAd0x1-S/Schimpanse.

MRC-5 ist Lebergewebe von einem 14 Wochen jungen abgetriebenen wei√üen S√§ugling und ein prim√§rer Bestandteil, der zur Herstellung des COVID-19-Impfstoffs verwendet wird.

‚ÄºÔ∏èBESSER NICHT IMPFEN‚ÄºÔ∏è

Du sollst jede Hoffnung auf Erl√∂sung verlieren und ein Tier werden, das f√ºr die Verdammnis gekennzeichnet ist (Mal des Tieres)",Impfskepsis,"Impfgegner, QAnon, Katholiken/Evangelikale",ja,NA,NA
Skepsis / Falschinformation,Gef√§hrlichkeit der Impfung,Versuchskaninchen,"Die Impfung gegen COVID-19 ist nicht ausreichend getestet worden und deshalb nicht sicher. M√∂gliche Langzeitsch√§den durch die Impfung lassen sich nicht ausschlie√üen. Die Impfkampagne ist damit ein unkontrollierter Menschenversuch, der uns zu Versuchskaninchen macht.","Ich f√ºr meinen Teil bin entsetzt, dass sich die Kirchen f√ºr Menschenversuche mit nicht getesteten Impfstoffen hergeben.","Auf der WHO-Seite sind fast 200(!) verschiedene Kandidaten f√ºr Impfstoffe aufgelistet, darunter sind auch einige traditionelle (inaktivierte) Impfstoffe. Was der Vorteil an den neuartigen RNA-Impfstoffen ist, wei√ü ich nicht. M√∂glicherweise sind die gar nicht besser, sondern lassen sich nur billiger herstellen, und bringen somit mehr Profit.

Sehr bedenklich ist, wenn in Zeitungen schon steht, dass vielleicht n√§chsten Fr√ºhling schon eine Impfung kommt. Gerade bei einer neuen Technologie lassen sich in so einer kurzen Zeit m√∂gliche Langzeitsch√§den nicht seri√∂s ausschlie√üen!","Ma√ünahmenkritik, Institutionsskepsis, Impfskepsis",Impfskeptiker,ja,NA,"eines der Hauptargumente der ""gem√§√üigteren"" Ma√ünahmengegner"
Skepsis / Falschinformation,Gef√§hrlichkeit der Impfung,Impfung ist sch√§dlich,"Die Impfung gegen COVID-19 ist sehr gef√§hrlich f√ºr den Menschen. Sie zerst√∂rt das Immunsystem, das Lungengewebe, f√ºhrt zu Autoimmunerkrankungen oder wirkt sich anderweitig extrem sch√§dlich aus, bis hin zum Tod. Sch√§dliche Nanopartikel der mRNA-Impfung verteilen sich im K√∂rper und gelangen in die Organe.","Ich selbst nehme in meinem direkten Umfeld Probleme nach der Impfung wahr.
Angefangen bei G√ºrtelrosen, Wundrosen, unerkl√§rlichen Hitzewallungen bei einer 86j√§hrigen Frau oder ,besonders erschreckend
der Bluterguss √ºber dem Auge eines Bekannten.( Ohne √§u√üere Einwirkung)
Dann gibt es noch mehrere, pl√∂tzlich auftretende schwere Erkrankungen in meiner Familie ,die ich mit Schrecken zur Kenntnis nehme

Am 1.7.2021 war in den Deutschen Wirtschaftsnachrichten folgendes zu lesen
Niederl√§ndischen Forschern zufolge programmiert der Wirkstoff von Biontech/Pfizer das nat√ºrliche Immunsystem um.
SPD -Politiker Lauterbach findet dies spannend.
Was,wenn das Immunsystem nicht mehr richtig funktioniert?
Herr Spahn hat im Laufe der Pandemie folgenden Satz gesagt
Wir m√ºssen uns vielleicht irgendwann Dinge verzeihen.
Ich hoffe,dass wir nicht eines Tages feststellen m√ºssen,dass die Impfungen gro√üen Schaden angerichtet haben.","WIE GEF√ÑHRLICH IST DIE IMPFUNG?üí•

‚ÄºÔ∏èTierversuche mit BioNTech-Impfstoff zeigen gef√§hrliche Konzentration von Nano-Partikeln in Organen

In Japan hat die Zulassungsbeh√∂rde auf Anfrage nach dem Informationsfreiheitsgesetz die bisher nicht zug√§nglichen Tierversuchsdaten zum mRNA-Impfstoff von Pfizer/BioNTech ver√∂ffentlicht.
Aus den Daten geht hervor, dass die mRNA-Nanopartikel nicht wie von den Herstellern behauptet an der Einstichstelle im Muskelgewebe verbleiben, sondern in vielen F√§llen hochkonzentriert in die Organe gelangen.",Impfskepsis,Impfgegner,ja,NA,NA
Skepsis / Falschinformation,Gef√§hrlichkeit der Impfung,Graphenoxid / Impfung macht magnetisch,"Die Impfung enth√§lt Graphenoxid, einen sch√§dlichen Zusatzstoff, der das Immunsystem schw√§cht oder Menschen direkt krank macht. Der Bereich um die Einstichstelle am Oberarm wird durch das Graphenoxid in Folge der Impfung magnetisch.","Graphenoxid ist in Grippe- und Covid Impfstoffen, Graphenoxid wird und macht magnetisch, GraphenOxid  schafft die Symptome von Covid19. Graphenoxid verringert den Glutathionwert im Gehirn und  beg√ºnstigt Atemwegserkrankungen. Graphenoxid schw√§cht das Immunsystem. Graphenoxid erm√∂glicht 5G mit Mensch zu verbinden, Emotionen & Gedanken einzupflanzen sowie auszulesen.","METALL IM OBERARM NACH DER IMPFUNG!

Wenn ein Magnet an deiner Haut h√§ngen bleibt, muss in deiner Haut Metall sein, welches diesem die magnetische Anziehung erm√∂glicht.

JA, du bekommst Metall (Nanobots) mit der Giftspritze injiziert.",Impfskepsis,Impfgegner,√ºberwiegend,NA,"h√§ufig Erkl√§rung oder Beleg f√ºr Verschw√∂rungstheorien, z.B., dass mit der Impfung Mikrochips injiziert werden sollen"
Skepsis / Falschinformation,Gef√§hrlichkeit der Impfung,Shedding,"Die negativen Auswirkungen der Impfung k√∂nnen sich √ºber den Aussto√ü des Spike-Proteins des Coronavirus bei Geimpften durch Kontakt (wie Husten, Muttermilch oder Geschlechtsverkehr) auf Ungeimpfte √ºbertragen. Impfstoff-Shedding f√ºhrt zu Krankheit oder Unfruchtbarkeit bei Ungeimpften.","‚ÄûIndirekte Wirkungen der Covid-19-Vakzine, mutma√ülich durch Impfstoff-Shedding von Spike-Proteinen und/oder anderen Molek√ºlen, erh√∂hen die Gesamtmortalit√§t bei den Ungeimpften ‚Äì insbesondere in der fr√ºhen Phase, in der die Impfung nachteilige Auswirkungen auf die Geimpften hat.‚Äú Impfstoff-Shedding bezeichnet die √úbertragung von Spike-Proteinen oder Begleitstoffen von Geimpften auf Ungeimpfte durch die Ausscheidung von Fl√ºssigkeiten wie Schleim (durch Husten oder sogar normale Atmung) oder auch Muttermilch.

Seligmanns Daten zeigen einen Anstieg der Sterblichkeit in den Wochen nach der Impfung in Europa.

Nebenwirkungen beginnen drei bis vier Wochen nach der Impfung
‚ÄûInsbesondere Kinder entwickeln unerw√ºnschte Impfreaktionen‚Äú, schreibt Seligmann. Besonders beunruhigend sei, dass die unerw√ºnschten Wirkungen mit der Zeit zuzunehmen scheinen. Dies schlie√üe aber nicht aus, dass Impfstoff-Shedding auch ungeimpfte Erwachsene jedes Alters betrifft.‚Äú","Mindestabstand und Masken sind in der Pandemie zu st√§ndigen Begleitern geworden. Ver√∂ffentlichungen der Johns Hopkins Universit√§t und eine Textstelle aus dem Protokoll der Impfstudie von Pfizer/BioNTech beschreiben, warum diese Ma√ünahmen auch ‚Äì und insbesondere ‚Äì nach der Impfung angebracht sein k√∂nnten: Impfstoff-‚ÄûShedding‚Äú, das selbstst√§ndige, unkontrollierte Ausbreiten von (experimentellen, Gen-ver√§ndernden) Impf- und Wirkstoffen. Prinzipiell verboten sind derartige Impfstoffe in Deutschland nicht.","Impfskepsis, √úberbev√∂lkerung",Impfgegner,ja,NA,Umkehrung des ‚ÄöUngeimpfte sind gef√§hrlich‚Äò-Arguments
Skepsis / Falschinformation,Gef√§hrlichkeit der Impfung,Zwangsimpfung,Die Bev√∂lkerung soll zur Impfung gezwungen werden. Der Staat wird eine Zwangsimpfung einf√ºhren.,"Und handelt, solange es noch geht! Es wird vermutlich bald nicht mehr gehen! Und jeder hier wird zwangsgimpft und alles verlieren und es wird der Tag kommen, wo Euch Eure Nachbarn ausliefern!  Ihr √ºbernehmt nicht die Verantwortung und sagt nicht nein? Dann m√ºsst Ihr eben die Konsequenzen tragen! Und Ihr werdet rein gar nichts dagegen machen k√∂nnen! üòâ",In Anbetracht der aktuellen und beabsichtigten Ma√ünahmen in Deutschland stelle ich mir folgende Frage: Wann wird das RKI die Z√§hlart der Coronatoten √§ndern um den restriktiven Ma√ünahmen und geplanten Gesetzes√§nderungen Nachdruck zu verleihen und im Nachgang durch Zwangsimpfungen Deutschland zu einem gro√üen Testlabor machen?,Impfskepsis,Impfgegner,ja,NA,"i.d.R. im Verbund mit weiteren Narrativen, etwa zum 'wahren' Zweck der Impfung"
Skepsis / Falschinformation,Gef√§hrlichkeit der Impfung,Impfung macht unfruchtbar,"Die Impfung macht unfruchtbar. Die Antik√∂rper gegen das Spike-Protein des Coronavirus, die sich nach der Impfung bilden, richten sich auch gegen das √§hnliche Protein Syncytin-1, das eine entscheidende Rolle bei der Bildung der Plazenta spielt; dies f√ºhrt zur Unfruchtbarkeit.",üî¥üî¥Keine Schwangerschaft mehr m√∂glich!‚ÄºÔ∏èWolfgang Wodarg erkl√§rt hier verst√§ndlich wie durch die kommende mRNA-Impfung eine Unfruchtbarkeit herbeiger√ºhrt werden kann. ‚ùåüíâ‚ùå,"Von den Impfungen wird erwartet, dass sie Antik√∂rper gegen Spike-Proteine von SARS-CoV-2 hervorrufen. Spike Proteine enthalten aber unter anderem auch unter anderem  Syncytin-homologe Proteine, die bei S√§ugetieren, wie dem Menschen, wesentliche Voraussetzung f√ºr die Ausbildung der Plazenta darstellen. Es muss unbedingt ausgeschlossen werden, dass ein Impfstoff gegen SARS-CoV-2 eine Immunreaktion gegen Syncytin-1 ausl√∂st, da ansonsten Unfruchtbarkeit von unbestimmter Dauer bei geimpften Frauen die Folge sein k√∂nnte.",Impfung ist sch√§dlich,Impfskeptiker,ja,NA,"oft verbunden mit ""Gro√üer Austausch"" und/oder ""√úberbev√∂lkerung"""
Skepsis / Falschinformation,Gef√§hrlichkeit der Impfung,Genver√§nderung,Die neuartigen mRNA-Impfstoffe ver√§ndern das menschliche Erbgut. Die Impfung f√ºhrt zu Genmutationen bei den Geimpften.,"PURES GIFT! EIN DNA-IMPFSTOFF MIT EMBRYONALEN ZELLEN, DER DEIN ERBGUT MIT CRISPR-CAS9-GENSCHERE VER√ÑNDERT!","Allgemein bekannt ist, dass jede mRNA in der Zelle abgebaut wird, und ihre Bestandteile f√ºr den Einbau in das menschliche Genom genutzt werden. Was aber geschieht nun mit den relativ gro√üen Mengen an Methyl-Pseudouridin in der modifizierten mRNA, wenn sie abgebaut und in deren Bestandteile in das menschliche Genom eingef√ºgt worden sind?

Methyl-Pseudouridin enth√§lt ein ‚Äûfrei gewordenes Stickstoffatom‚Äú welches zus√§tzliche Wasserstoffbr√ºcken hin zu Wasser ausbilden kann. Mit anderen Worten es ist hydrophil, hat an dieser Stelle des menschlichen Genoms einen ver√§nderten pH-Wert und zieht daher hier Raktionswasser an, wodurch das menschliche Genom chemisch gesehen ‚Äûl√∂chrig‚Äú wird, hinsichtlich m√∂glicher Ver√§nderungen im Aufbau des Genoms. Zieht man auch noch die bisher f√ºr Genetiker ‚Äûr√§tselhafte‚Äú Epigenetik und die Auswirkungen darauf in Betracht, so ist v√∂llig unklar, welche Folgen die ‚ÄûGen-Injektion‚Äú nach der ""Resteverwertung"" haben wird. Der Mensch k√∂nnte durch die Gen-Injektion in vielerlei Hinsicht mittelfristig bis langfristig mutieren.

Diese wasserhaltigen ‚ÄûLochstellen‚Äú im Genom des Menschen aufgrund des Einbaues von Methyl-Pseudouridin sehen wir als gro√üe Gefahr und Unbekannte, die von Pfizer/ Biontech nicht untersucht wurde, da allein die schnelle gro√ütechnische Produktion und Vermarktung ihres Produktes f√ºr sie ausschlaggebend war!",Impfung ist sch√§dlich,Impfgegner,ja,Gates,oft verbunden mit vermuteten Zielen
Verschw√∂rung / Plandemie,Coronaverschw√∂rung,Plandemie,"Die Pandemie ist eine Plandemie. Ein geheimer Plan steckt hinter der Pandemie. Im Hintergrund geht es nicht um die Bek√§mpfung eines Virus, sondern um etwas ganz anderes. Die sogenannte ""Pandemie"" ist lediglich medial inszeniert. Bilder von vollen Krankenh√§usern u.√§. zeigen lediglich bezahlte Schauspieler, Prominente werden daf√ºr bezahlt, zu behaupten, sie seien erkrankt, Impfungen werden vorget√§uscht.","Die von der Politik ausgerufene Krise kommt nicht von ungef√§hr. Es geht offiziell um eine Pandemie, um einen Virus. Aber k√∂nnte es sein, dass mit dieser Art der Panikmache im Hintergrund ganz andere Pl√§ne verwirklicht werden? Die Geopolitischen Absichten oder das Ausnutzen der Krise k√∂nnte weite Kreise ziehen, von deren Auswirkungen die wenigsten vom Alltag geplagten Menschen heute √ºberhaupt zu denken wagen","Das skurrile und v√∂llig sinnfreie Verhalten der Politmarionetten, dient ebenfalls dazu, die Massen zu erwecken. So d√§mlich sind sie nicht, au√üer sie haben Panik. Ich denke, das geschieht ebenfalls nach Drehbuch. Ich bin mir fast sicher, dass im Hintergrund bereits ganz andere Dinge laufen.
Der Lockdown wird und muss kommen!",NA,NA,ja,"Gates, CIA, Soros, Rothschild, Zionisten, Globalisten","dann annotieren, wenn nicht genauer zuordenbar"
Verschw√∂rung / Plandemie,Coronaverschw√∂rung,Profit,Die Pandemie dient dem Profit und der Marktdominanz von Gro√ükonzernen und m√§chtigen Einzelpersonen oder versteckten Eliten.,"Jeder Einzelne ist jetzt aufgerufen, und allles Geld was uns t√§glich von dieser Regierung und den Proviteuren der ""PANDEMIE"" gestohlen wurde sofort an alle √ñsterreicher zur√ºckzuzahlen","Wer mitmacht, n√ºtzt westlichen Gro√ükonzernen auf vielfache Weise. Er schafft ihnen M√§rkte: f√ºr Arzneimittel und Impfstoffe, f√ºr Testverfahren, Desinfektionsmittel und Schutzausr√ºstung, f√ºr Kommunikations- und √úberwachungstechnik aller Art. Zudem r√§umt er l√§stige Konkurrenz beiseite: Wozu an einer jahrhundertelang bew√§hrten Natur- und Erfahrungsheilkunde festhalten, wo es doch die westliche Schulmedizin gibt, die ‚Äûevidenzbasiert‚Äú pharmalastig daherkommt?",Plandemie,NA,ja,"BioNTech, Big Pharma, Spahn",NA
Verschw√∂rung / Plandemie,Coronaverschw√∂rung,Wirtschaftssch√§digung,"Die Pandemie dient dazu, der deutschen Wirtschaft und hiesigen Unternehmern zu schaden. Die Wirtschaft wird durch die Ma√ünahmen zur Bek√§mpfung der Pandemie absichtlich zerst√∂rt.",Aber was ist wenn die Leute kein Geld mehr haben um einzukaufen? Denn sp√§testens im Herbst gehts nach der Lockerung hier fr√∂hlich weiter mit Wirtschaftszerst√∂rung durch zweite Infektionswelle!,"Der gesamte landesweite Einzelhandel, Friseure und weitere k√∂rpernahe Dienstleister, Gastronomie, Touristik und Autohandel (inkl. der Sch√§digung der Deutschen Automobilindustrie und deren Zulieferbetriebe) wurden durch den erneuten Lockdown komplett stillgelegt. Gleichzeitig muss jeder dieser Unternehmer seine Einkommenssteuer f√ºr 2019 und das schwache 2020 irgendwie an die Deutsche Finanzfaschismusindustrie abtreten, sonst droht Knast und Enteignung, w√§hrend die Einnahmen durch den Corona-Betrug wegbrachen","Plandemie, Institutionsskepsis",NA,ja,NA,NA
Verschw√∂rung / Plandemie,Coronaverschw√∂rung,Klimalockdown,"Die Pandemie dient der Durchsetzung von Klimaschutzzielen, indem der Auto- und Flugverkehr und die damit verbundenen Emissionen eingeschr√§nkt werden. Die Angst vor Zoonosen wird ausgenutzt, um die Ziele der Anti-Fleisch-Agenda voranzutreiben.","Sie wollen das Menschen weniger reisen. Ist passiert.
Du wirst nichts besitzen und ""gl√ºcklich "" sein. Ist im Gange.
Bedienungsloses grundeinkommen. Ist im Gange. ......

Zum Fleisch.  Ru√üland stoppt D√ºngerexport. Weniger ertrage im Getreide. Der res sollen wir an Vieh ferfuttern oder den Menschen Brot draus backen?

Produktionsstop in der autoindustrie. Neue Autos gibt es nicht mehr. Gebrauchtwagen sind goldwert. Ersatzteile werden rar....tja bald wird ein Auto reiner Luxus sein. Auch bei den Sprit Preisen. Wie gesagt du wirst nichts besitzen. Handy. PC. Wohnung. Kleidung alles nur geliehen.

Massenarbeitslosigkeit wird kommen und es wird nicht so viele Arbeitspl√§tze mehr  geben also grundeinkommen. ....Aber nur wenn du brav bist dich impfen l√§√üt und t√§glich dein TV schaust mit der propaganda",Selbst die Anti-Fleisch-Agenda wurde mit etwas Spitzfindigkeit mit Corona in Verbindung gesetzt und gewinnt nun wieder Aufwind,"Plandemie, Klimageschwurbel, Institutionsskepsis",NA,ja,Greta Thunberg,"oft als Teilaspekt von ""Great Reset"""
Verschw√∂rung / Plandemie,Coronaverschw√∂rung,Pharmaindustrie als Drahtzieher,Hinter der Pandemie steckt in Wahrheit Big Pharma (oder aber die Pharmaindustrie steckt zumindest mit den eigentlichen Drahtziehern unter einer Decke). Impfungen und Tests sorgen f√ºr Milliardengewinne f√ºr die Pharmaindustrie und sollen m√∂glichst oft wiederholt werden.,Ganz unabh√§ngig davon macht die Pharmaindustrie Milliardengewinne wie noch nie in ihrer Geschichte. Und im Herbst wird das Eheversprechen von Politik und Pharmaindustrie erneuert. Dann gelten die alten Impfungen als nicht mehr wirksam. Dann wird neu geimpft. Und dann gr√º√üt halbj√§hrlich das Murmeltier.,"Die Frage wird sein, ob sich die Manager der Big Pharma ‚Äì samt korrupten Politikern ‚Äì mit ihren Milliarden-Gewinnen noch abseilen k√∂nnen, oder ob sie f√ºr ihre Verbrechen an der Menschheit ihre gerechte Strafe erhalten werden","Plandemie, Profit, Antipharma",NA,ja,"BioNTech, Spahn, Gates",NA
Verschw√∂rung / Plandemie,Coronaverschw√∂rung,Juden als Drahtzieher,"Israel, Zionisten, die Rothschilds oder die Juden stecken in Wahrheit hinter der Pandemie.","Die Zionisten wie Rothschild stecken hinter der Weltbank und UN, die Weltbank steckt hinter dem digitalen Identit√§tsprogramm ID4D/ID2020, und Corona ist ein trojanisches Pferd um ID4D weltweit zu etablieren! Wir sollen gechippt werden wie Schafe in der Massentierhaltung! Die einen bekommen nur Nano-Chips durch die Impfung, die anderen werden sterilisiert, wieder andere bekommen ne TODESSPRITZE! F√ºr Zionisten sind wir wertlose Materie denn sie sind angeblich das ""auserw√§hlte Volk"" deshalb ist es nach ihrer Logik auch alles v√∂llig ok mit dem geplanten V√∂lkermord!","Bereits das indirekte Andeuten die Juden/Zionisten seihen Schuld an Corona bzw. der Holocaust war m√∂glicherweise nicht so wie erz√§hlt, f√ºhrt zu Strafverfolgung, Freundschaften, Familien zerbrechen. Ich sage es sind die internationalen Konzerne um es politisch korrekt zu sagen. Was ist wenn ALLE internationalen Kapitalgesellschaften eigentlich Jahrhunderte alte j√ºdisch geschaffene Golems sind welche auf die Befehle der Rabbis h√∂ren ? Boykottiert die Golems findet die Befehlsgeber...","Plandemie, GMF",Rechte,ja,"Soros, Rothschild, Zionisten, Globalisten",NA
Verschw√∂rung / Plandemie,Coronaverschw√∂rung,Biowaffe,Das Coronavirus oder die Impfung ist in Wirklichkeit eine Biowaffe.,"CIA-Neurobiologie-Experte √ºber die Steuerung des menschlichen Gehirns mittels RNA-Impfstoffen

Dr. Morgan zeigt, wie DREADDS in die menschliche DNA ‚Äûinfundiert‚Äú werden k√∂nnen, um unser Verhalten zu kontrollieren. Diese Designer-Rezeptoren, die ausschlie√ülich durch Designer-Drogen aktiviert werden, k√∂nnen neue Zellen erzeugen. Sie k√∂nnen bei ihren Probanden neue Erinnerungen und Verhaltensweisen erzeugen. Sie k√∂nnen damit auch Ihr Ged√§chtnis l√∂schen oder sogar ver√§ndern. Die CRISPR-Technologie kann eingesetzt werden, um durch DNA-Editing nur bestimmte Rassen von Menschen zu¬†t√∂ten","kommt ausserhalb jedweder normalen grippezeit, kommt wie von drosten und wiehler gerufen und von spahn so sehnlichst erwargtet und herbeigeredet also diese virenkireger der 2.welle einer welle die normalerweise nicht stattfinden kann, woher sollen die vieren kommen? ja. genau aus einem labor  in dem sie (die viren) den nobelpreis vf√ºr chemie kanapp verpeilt verpassten allerdings patentiert werden konnten und als sichere biowaffe eingelagert werden konnten. alos daarus einen biowaffentauglichen impfstoff zu machen ist nun Plan B; plan a ist die 2.Welle und wenn dabei zuwenige verrecken, dann eben plan b.","Plandemie, Massenvernichtung, Konflikt",NA,ja,"CIA, USA, China, Ukraine",NA
Verschw√∂rung / Plandemie,Coronaverschw√∂rung,Konflikt,"Die Coronapandemie ist ein indirekter Angriff eines Staates (z.B. China) auf einen oder mehrere andere Staaten. COVID-19 dient einer Nation dazu, Einfluss auf die Politik in anderen Nationen zu nehmen oder diese zu destabilisieren.","Warum empfahl die WHO mehrmals nachdr√ºcklich, KEIN Reiseverbot zu verh√§ngen?
Warum haben ausgew√§hlte [Demokraten] Governeure die Verwendung von Hydroxychloroquin verboten [Schl√ºssel]?
Warum treiben die FAKE NEWS den Einsatz von Anti-Hydroxychloroquin [Angsttaktik bzgl: Verwendung] voran?
Warum wurde die Amtsenthebung schnell durch das H (Repr√§sentantenhaus) durchgesetzt? [Haben sie damit gerechnet, dass R (Republikaner) neue Zeugen blockieren?]
Zeitempfindlich?
Warum?
Wann wurde [BIDEN] zum Spitzenreiter?
Warum war dies von entscheidender Bedeutung?
Was geschah unmittelbar danach?
WER PROFITIERT AM MEISTEN DAVON?
ALLES STAND AUF DEM SPIEL.
Als alles andere SCHEITERTE...
VERSUCHEN SIE ZU BETR√úGEN?
Willkommen bei der [D][Volksrepublik China] Partei.
Der Stille Krieg geht weiter...","Trish Regan wurde gerade vom Fox Business Network gefeuert, weil sie Bedenken √§u√üerte, das chinesische Coronavirus sei nur ein weiterer Versuch, Pr√§sident Donald Trump abzusetzen.",Plandemie,Rechte,ja,"CIA, USA, China, Ukraine",h√§ufig mit USA-Bezug im QAnon-Umfeld zu finden
Verschw√∂rung / Plandemie,Coronaverschw√∂rung,Kontrolle,"Die Pandemie (COVID1984) und der Lockdown dienen der Regierung dazu, die Bev√∂lkerung zu kontrollieren und zu √ºberwachen. Die Corona-App dient nicht dazu, die Benutzer sicherer zu machen, sondern dazu, sie auf Schritt und Tritt zu √ºberwachen. ID2020, ein B√ºndnis aus der Impfallianz Gavi, der Rockefeller-Stiftung, Microsoft und weiteren Unternehmen, strebt globale √úberwachung an, indem digitale Impfausweise mit biometrischen und anderen pers√∂nlichen Daten kombiniert werden sollen.","Die Kanzlerin der Herzen schw√§rmt von der √úberwachungsapp, die helfen w√ºrde den Infektionsherd einzugrenzen. Dann w√§re die Lockerung des √∂ffentlichen Lebens nicht mehr so gravierend‚ùì‚ùì‚ùìü§î‚ùì Nicht gravierend f√ºr wen? F√ºr die Kanzlerin der Herzen? Weil ihren Mitarbeitern dann jeder Schritt der treuen Steuerzahler bekannt ist?",Ok aber mir ist das wurscht ich habe keine Angst und wenn der Staat dies alles ernst meint dann wird das nur eine Frage der Zeit sein bis viele Unschuldige Menschen entweder verfolgt oder im Knast sitzen.Ich suche nicht den Konflikt aber dieser Staat wird nicht locker lassen weil er durch den Zusammenbruch des Geldsystems die Macht verliert und dies ist der Grund warum diese Repression gegen friedliebende Menschen ausgepackt werden.,"Plandemie, Kontrolle (allgemein)",NA,ja,Merkel,NA
Verschw√∂rung / Plandemie,Coronaverschw√∂rung,Ablenkung,"Die Pandemie dient in Wirklichkeit nur dazu, von anderen Skandalen oder Vorg√§ngen abzulenken, beispielsweise dem Zusammenbruch des Finanzsystems.","Im Windschatten der #COVID1984_L√ºge und aller anderen zur Ablenkung inszenierten Ereignisse , kann man engros unangenehme Wahrheiten mit in in Medienlandschaft kippen.  Geht ja eh im allgemeinen Trubel mit unter.  Und sie k√∂nnen sagen ""Wir haben immer √ºber alles berichtet""","Corono ist als Nebelkerze geendet. Nioemand hier wurde richtig panisch.... Also die n√§chste Bluttat, Hauptsache die Leute schauen wo anders hin...","Plandemie, Institutionsskepsis",NA,ja,NA,NA
Verschw√∂rung / Plandemie,Coronaverschw√∂rung,Great Reset,"Die Pandemie dient in der Wirklichkeit der Umsetzung des Great Reset, also der Erlangung politischer oder wirtschaftlicher Weltkontrolle durch globale Finanzeliten, vertreten u.a. durch das Weltwirtschaftsforum und Klaus Schwab.","Jetzt ist es raus: Corona dient zum Umbau der Wirtschaft

SPD-Ikone Karl Lauterbach hat offen zugegeben, dass die k√ºnstlich gesch√ºrte Corona-Krise zum Umbau der Wirtschaft dient. So viel Offenheit ist √ºberraschend, winden sich Spitzenpolitiker doch meist wie Aale, wenn es um kritische Themen geht. Jetzt, wo Merkls Vernichtungspolitik bereits tausende Unternehmen in die Insolvenz geschickt hat und dieses skrupellose Handeln noch zahlreiche Firmen dem Erdboden gleich machen wird, r√ºckt Lauterbach pl√∂tzlich mit der Sprache raus, wozu das alles dienen soll.

Der Umbau der Wirtschaft, hin zur kommunistischen Planwirtschaft, ist das selbsterkl√§rte Ziel der Etablierten.","Zun√§chst darf ich meine Zweifel anbringen, dass Klaus Schwab und seine WEF-Freunde ebenfalls zu dieser Kaste geh√∂ren werden, die keine Rechte und kein Eigentum mehr haben - und dar√ºber dann sehr froh sein werden. Vermutlich glaubt man dort nur, dass das nur f√ºr UNS gut sein wird. Nachdem es so erstaunlich einfach war, unsere verbrieften Grundrechte dauerhaft zu beschneiden, kommt als n√§chstes unser Verm√∂gen unter den Hammer.","Plandemie, Kontrolle",NA,ja,"Klaus Schwab, WEF, Gates, Soros",eine Art Adaption des NWO-Narrativs f√ºr die Corona-Pandemie
Verschw√∂rung / Plandemie,Coronaverschw√∂rung,√úberbev√∂lkerung,"Das Coronavirus, die Ma√ünahmen zur Bek√§mpfung der Pandemie und/oder die Impfung dienen dazu, die Weltbev√∂lkerung zu reduzieren, um der √úberbev√∂lkerung entgegenzuwirken. Unter dem Vorwand der Pandemie sollen gezielt unerw√ºnschte Bev√∂lkerungsteile wie alte Menschen, Arbeitslose oder Sozialhilfeempf√§nger reduziert werden.","Klar sind die als n√§chstes dran. verursachen zu viele Kosten. Die alten werden heutzutage einfach zu alt. Wie soll man denn 30 Jahre lang Rente zahlen, wenn man nen Haufen Hartz IV ler und Sozialhilfeempf√§nger hat. Das ganze System ist doch f√ºr die Katz. W√§re ja aber auff√§llig und diskriminierend, wenn man die ganzen Hartzer und Sozialhilfeempf√§nger zuerst ausl√∂scht. Bei den alten und kranken, kann man das als Schutz tarnen","Es gab mal Zeiten, da sprach die Wahrheitsbewegung von der gro√üen Gefahr einer Bev√∂lkerungsreduktion. Heute versteift sie sich zu behaupten, dass mittels Corona lediglich unsere Freiheit beschnitten wird und der NWO Kontrollstaat kommt. Leider kommt tats√§chlich dieser Kontrollstaat extrem mittels Corona voran, aber eben nicht mittels eines harmlosen Virus, sondern mittels eines sehr gef√§hrlichen Virus. Inwieweit dies sp√§ter im Verlauf zu einer Bev√∂lkerungsreduktion f√ºhrt kann man noch nicht beurteilen, aber die NWO wird vermutlich mit einem ""etwas bedenklichen"" Impfstoff nachhelfen.","Plandemie, √úberbev√∂lkerung, Massenvernichtung",NA,ja,NA,diverse Varianten zu Hinterm√§nnern
Verschw√∂rung / Plandemie,Coronaverschw√∂rung,Mikrochips,Mit der Impfung gegen Corona oder √ºber die Corona-Tests werden den Menschen Mikrochips oder Nanobots injiziert.,"Bitte, das ist Deine """"""freie Entscheidung"""""", gehe und hole Dir die NANO Spritze !","kann es sein das mit diesem so drigenden pcrtest-scheiss in wahrheit bereits nano-chips inplantiert werden? die wollen ja so dringend direkt dein personalausweis. so k√∂nnen sie direkt dein k√∂rper mit dem perso verbinden. top. wenn du positiv bist, k√∂nnen sie dich gleich einsammeln","Plandemie, Kontrolle",NA,ja,Gates,i.d.R. Bill Gates als Drahtzieher
Verschw√∂rung / Plandemie,Coronaverschw√∂rung,Gates als Drahtzieher,In Wirklichkeit hat Bill Gates das Coronavirus entwickeln lassen oder ist zumindest in die vors√§tzliche Verbreitung von COVID-19 verwickelt. Bill Gates kontrolliert die WHO und/oder die Pharmaindustrie und profitiert von der Pandemie.,"Zitat: Die n√§chste Pandemie wird erfolgreich sein"""" (nach Vogelgrippe, Schweinegrippe,  (H5N1), SARS, AIDS, Polio, BSE.., etc,  usw., ).
Es scheint, dass Bill Gates und der innere Verbrecherzirkel der Superlative nun das  Ziel bald erreicht hat, n√§mlich die Ausrottung fast der gesamten Menschheit, bis auf wenige privilegierte und eingeweihte Bev√∂lkerungsschichten. Zitat:""Wir schie√üen es einfach in ihre Venen...""""

Sie schie√üen es tats√§chlich einfach und millionenfach in die Venen der naiven Dummk√∂pfe. Und ja, die Opfer betteln sogar darum, endlich die Spritze der ultimativen Endl√∂sung injiziert zu bekommen .","Allm√§hlich w√§chst der Widerstand gegen den kollektiven Selbstmord (Prof Bakthi), oder die Fortf√ºhrung des Irrsinns. Selbst bei b√ºrgerlichen Zeitungen wie SZ und NZZ, die die Panik entscheidend mitverschuldet haben, w√§chst offenbar der Zweifel und sie lassen das in Gastkommentaren durchblicken. Aber das reicht nat√ºrlich nicht, wir brauchen eine radikale Umkehr, aus dem Wahn zur√ºck in die Wirklichkeit - auch wenn das Profiteuren des Wahns wie Bill Gates und seinem Pharma-Konsortium nicht passen wird.","Plandemie, √úberbev√∂lkerung, Kontrolle",NA,ja,Gates,i.d.R. im Verbund mit weiteren Narrativen
VTs,Allgemeine VTs,NWO,"Eine geheime Elite aus Politik und Wirtschaft plant die NWO (neue Weltordnung, New World Order), die den Umsturz der derzeitigen Politik-, Wirtschafts- und Gesellschaftsverh√§ltnisse erfordert. Die NWO zielt darauf ab, die Souver√§nit√§t der Nationalstaaten abzuschaffen und eine zentrale, totalit√§re Weltregierung zu installieren.","Seid 1945 hecken und arbeiten sie den Plan f√ºr den dritten Versuch, eine zentrale Weltherrschaft zu installieren, aus. Nichts was in der Politik passiert, ist rein zuf√§llig und wenn es den Anschein, danach hat dann ist auch das geplant. Es sind seid jeher immer die selben ‚ÄúStrippenzieher‚Äú die mit der Hilfe, ihrer installierten Marionetten, danach greifen. Und denen ist es egal, das sie dabei √ºber Berge aus Knochen und Fl√ºsse, aus Blut, waten. Es ist dieser korrupte und verbrecherische Abschaum der Menschheit. Vollkommen in ihrem Wahn, Gott zu spielen und  den ganzen Globus,  zu versklaven.","‚ùåANSCHNALLEN! BLICK IN DIE NWO GLASKUGEL: Vorhersagen aus der Serie ""Utopia"" aus dem Jahre 2013! ‚ùå

‚ö†Ô∏è Sie sagen uns alles direkt ins Gesicht. Was kommen wird, wie sie es machen werden. Eine Fake Pandemie, Impfstoffe die unfruchtbar machen sollen, Bev√∂lkerungsreduktion auf 500 Millionen, korrumpierte und erpresste Wissenschaftler, Spr√ºhflugzeuge, Geburtenkontrolle, Wirtschaftskollaps, die Errichtung eines Weltstaates ohne Ethnien, Klimal√ºge uvm.!","Kontrolle (allgemein), Massenvernichtung, Institutionsskepsis",Rechte,nein,"Juden, Zionisten, Globalisten, Soros, Gates, CIA","eng verwandt mit ""Great Reset"""
VTs,Allgemeine VTs,Geheimb√ºnde,"Eine Geheimbund wie die Freimaurer, Illuminaten oder Rosenkreuzer hat weltweit Politik und Wirtschaft infiltriert und lenkt im Verborgenen Regierungen und das Weltgeschehen.","Am Flughafen Eingang ist eine Steinplatte mit Freimaurer-Symbol der AFAM-LOGE (gibts auch in Deutschland, Gro√üteil der deutschen ""Elite"" und sogar viele Rapper sind da drin), darunter befindet sich laut Inschrift eine Zeitkapsel f√ºr die Menschen aus 2094, erst dann soll sie ge√∂ffnet werden!","Sie setzten sich in die Mitte Europas. Wurden durch ihre vorget√§uschte Opferrolle zum EINZIGEN souver√§nen Staat...
und infiltrierten √ºber Jahrhunderte die europ√§ischen Staaten wie ein VIRUS und √ºbernahmen die gesamte Kontrolle mit dem h√ºbschen Kleid der Heidi in der heilen Welt.
Ihr Land..SWISS..die Schwester der Isis...steuerte und finanzierte jeden Krieg und blieb SELBST immer im Frieden und unber√ºhrt.#SATIREüòâ
#MEINEMEINUNG ihre S√∂ldner...die Schweizer Garde...bewacht bis heute den VATIKAN.",Institutionsskepsis,NA,nein,Illuminaten,"kommt auch in Verbindung mit Deep-State-Narrativen vor, wenn etwa Illuminaten und CIA eine gemeinsame Sache unterstellt wird"
VTs,Allgemeine VTs,Gedankenkontrolle,"Es wird Technologie eingesetzt, die die Gedanken oder das Verhalten von Menschen kontrolliert oder √ºberwacht.","Sie zerbombten Deutschland, lockten unsere Wissenschaftler in die USA und benutzen ihre F√§higkeiten f√ºr ihre satanische Gedankenkontrolle! Jeder, der TV schaut, wird hypnotisiert durch bestimmte Lichtmuster mit versteckten Nachrichten! Deswegen sind die Menschen so gesteuert!","CIA-Neurobiologie-Experte √ºber die Steuerung des menschlichen Gehirns mittels RNA-Impfstoffen

Dr. Morgan zeigt, wie DREADDS in die menschliche DNA ‚Äûinfundiert‚Äú werden k√∂nnen, um unser Verhalten zu kontrollieren. Diese Designer-Rezeptoren, die ausschlie√ülich durch Designer-Drogen aktiviert werden, k√∂nnen neue Zellen erzeugen. Sie k√∂nnen bei ihren Probanden neue Erinnerungen und Verhaltensweisen erzeugen. Sie k√∂nnen damit auch Ihr Ged√§chtnis l√∂schen oder sogar ver√§ndern.",Kontrolle (allgemein),NA,nein,CIA,Klassiker: MKUltra
VTs,Allgemeine VTs,Chemtrails,"Kondensstreifen von Flugzeugen sind in Wirklichkeit Chemtrails, absichtlich freigesetzte Chemikalien. Chemtrails dienen dazu, die Bev√∂lkerung krank zu machen, sie zu manipulieren oder das Wetter oder Klima zu kontrollieren (im Verbund mit HAARP).","Na, was macht denn dieser Flieger da? Sind das Kondesstreifen? üòÖ
Nullinger! Das sind Chemtrails. Und was machen die? Die ruinieren die Gesundheit, au√üerdem l√§sst sich damit durch HAARP so einiges an ""lustigen"" Sachen mit uns anstellen, uvm!","Hallo Eva, Andreas und alle da drau√üen,

auch hier zwischen Hamburg und Bremeb ist der Himmel, dank Chemtrails, seit Mittwoch (8.4.) wieder durchweg ‚Äûbeschlagen‚Äú. Nachmittags sag ich mitten im Blau pl√∂tzlich den vertrauten Streifen. Aber nur einen. Innerhalb von 1 Stunde wurden es mehr. Das herrlich durchg√§ngige Blau ist nun verschwunden.

Und wenn man bei Flight Radar 24 guckt, zeigt die App meist ‚ÄûN/A‚Äú an. Also, wohin und woher bleibt meist ein R√§tsel.

Die Krankheitsdichte ist denen wohl hier im Norden noch nicht √ºppig genug. Mal sehen, ob es prozentuale Auswirkungen geben wird, die die Medien dann schockiert berichten k√∂nnen.
‚ÄûExplosionsartige Zahlen von Infizierten im Norden.‚Äú",Kontrolle (allgemein),NA,nein,NA,"konkrete Ziele variieren (u.a. √úberbev√∂lkerung, Kontrolle, Wetterkontrolle)"
VTs,Allgemeine VTs,False Flag,"√ñffentlich wirksame Ereignisse wie die Anschl√§ge auf das World Trade Center (9/11), das Massaker von Butscha u.√§. sind in Wirklichkeit False-Flag-Operationen, also Inzenierungen vom vermeintlichen Opfer oder von anderen, um in der √ñffentlichkeit den vermeintlichen T√§ter daf√ºr verantwortlich zu machen.","9/11 FalseFlag (BETRUG)

Die Welt muss die Wahrheit wissen ...

[Video1]
Dieses Video ist ein Bootleg des Rohvideos vor dem Einf√ºgen der CGI-Ebene. Glauben Sie mir, die Medien und die Regierungen waren im 9/11-Betrug bis zum Hals verwickelt und dieser Virus-Betrug ist 9/11 Teil 2.

[Video2]
Pentagon, die von einem Hotel aufgenommene Aufnahmen, wurden damals vom FBI konfisziert.
Die Aufnahme zeigt die Explosion aber KEIN FLUGZEUG!

PS: Der DeepState, war BUSH, nur er k√∂nnte ‚ÄûDIE VERWENDUNG EINER TOMAHAWK-MISSILE AUTORISIEREN‚Äú , nicht der erfundene ‚ÄûBIN LADEN‚Äú der als Gegenspieler und S√ºndenbock, vom CIA und FBI erfunden wurde.
WER DR√úCKT ALSO DEN KNOPF???",Man kann ja das eine und andere √ºber die AfD sagen aber was Momentan in dieser Demokratur ( Merkel DDR 2.0 ) abgeht ist nicht mehr normal da wird eine Partei die versucht dem W√§hler dem schon seit √ºber 16 Jahren Beton in die Augen gesch√ºttet wird diese langsam zu √∂ffnen was von den anderen Parteien vehement zu verhindern versucht ( der Gesunde Deutsche k√∂nne ja 1 und 1 zusammen z√§hlen und so seine Schl√ºsse ziehen)  und endlich bemerken das er st√§ndig von vorne und hinten verarscht wird. Siehe Hanau da wurde schon noch lange bevor √ºberhaupt etwas anderes gesagt wurde ‚Äûdas ist das Werk der AfD‚Äú Bl√∂dsinn das ist das Werk der Arabischen Mafia der angebliche Attent√§ter hatte Geld in seiner Bank f√ºr diese Merkelmigranten  gewaschen wollte aussteigen da hat man dessen Mutter beseitigt ein entsprechendes Video zusammen geschnitten und dies der Polizei zugespielt das Ganze ist ...... oh Gott ich rede mich hier um Kopf und Kragen,Institutionsskepsis,NA,nein,"CIA, USA",NA
VTs,Allgemeine VTs,Bargeld,Bargeld und nicht zur√ºckverfolgbares Geld sollen abgeschafft werden.,Und jeder der keinen Widerstand leistet und mit so einer Maske ruml√§uft ist Teil des Problems wer seine Freiheit nicht verteidigt der darf sich auch nicht wundern wenn sie ihm genommen wird ich kann gar nicht ausdr√ºcken wie entsetzt ich bin ein Leben lang Verschw√∂rungstheoretiker sein da kann ich gut mit leben aber jetzt wird eine der √§ltesten Verschw√∂rungstheorien √ºberhaupt durchgezogen eine Pandemie die ungerechte und unsere Freiheit nimmt das Bargeld verschwinden l√§sst und ein Polizeistaat entsteht das ist so abgedroschen vielleicht gabs das schon in schwarz-wei√ü und obwohl alle immer √ºber Verschw√∂rungstheoretiker lachen packen Sie sich jetzt in der jose wo genau das umgesetzt wird und das nach vier vorherigen versuchen mit fast der gleichen story wenn wir die Masken nicht auf h√§tten dann w√ºrde keiner merken das √ºberhaupt Corona existiert deswegen wollen sie das nicht zulassen nimm aus dem Alltag die Maske und die Plexiglasscheiben im Supermarkt weg und alles ist wie immer,"Experten haben darauf hingewiesen, dass dieses saisonale Virus leicht besiegt werden k√∂nnte, indem Familien, die Privatsph√§re des Einzelnen, nicht zur√ºckverfolgbares Geld und alle kleinen unabh√§ngigen Bauernh√∂fe und Unternehmen f√ºr immer abgeschafft werden...","Kontrolle (allgemein), Institutionsskepsis",NA,z.T.,"Merkel, WEF, Klaus Schwab","oft verbunden mit ""Great Reset"" oder ""NWO"""
VTs,Allgemeine VTs,Enteignung,"Das private Verm√∂gen, das Eigentum, Besitzt√ºmer oder Gesch√§fte der Bev√∂lkerung sollen zerst√∂rt, enteignet, verstaatlicht oder umverteilt werden, entweder um die Gesellschaft nach kommunistischem Vorbild wie in der DDR umzustrukturieren, oder um das private Eigentum der Bev√∂lkerung an die gro√üen Konzerne umzuverteilen.","Es gibt ja Dinge, die passieren mit Ansage. Nur so richtig glauben will man es immer nicht. Bis sie pl√∂tzlich Realit√§t sind. Ich darf h√∂flich an das ‚ÄûEvent 201‚Äú erinnern. Aus der gleichen Schmiede erfreut uns nun Klaus Schwab mit der Ansage, ‚Äûdass wir in wenigen Jahren keine Rechte mehr haben, nichts mehr besitzen, aber so gl√ºcklich sein werden wir niemals zuvor‚Äú. Das ist keine Verschw√∂rungstheorie, sondern seine nachzulesende Ansage.
Zun√§chst darf ich meine Zweifel anbringen, dass Klaus Schwab und seine WEF-Freunde ebenfalls zu dieser Kaste geh√∂ren werden, die keine Rechte und kein Eigentum mehr haben - und dar√ºber dann sehr froh sein werden. Vermutlich glaubt man dort nur, dass das nur f√ºr UNS gut sein wird.
Nachdem es so erstaunlich einfach war, unsere verbrieften Grundrechte dauerhaft zu beschneiden, kommt als n√§chstes unser Verm√∂gen unter den Hammer. Es soll ein europaweites Verm√∂genregister angelegt werden, welches √ºber alle unsere Habseligkeiten Buch f√ºhrt. Von der Immobile, dem Grundst√ºck, dem Bankkonto, √ºber Kryptow√§hrung bis hin zu potentiell vorhandenen Kunstwerken. Dieses Register soll dann ‚Äûin eine k√ºnftige politische Initiative einflie√üen‚Äú.
Das Wort Lastenausgleich werden viele von Euch nicht mehr kennen. Nach dem zweiten Weltkrieg wurde denjenigen, die noch etwas besa√üen, eine Hypothek auf Immobilie oder Grundst√ºck zu Gunsten des Staates eingetragen. Faktisch durfte man sich sein Eigentum dann vom Staat zur√ºck kaufen, um den Staat so zu finanzieren.
Dass sich die bis zur Oberkante Unterlippe verschuldeten Staaten in Zukunft irgendwie refinanzieren m√ºssen, ist wohl jedem klar. Die bisherige Praktik einfach mehr Geld zu drucken, wird nicht mehr lange gut gehen.","üò¨Hier ein kleiner Vorgeschmack auf unsere neue Religion und die Umverteilung von uns zu den Konzernen.

Kommissionspr√§sidentin von der Leyen¬†warnte vor gut zwei Wochen¬†vor einer kommenden ‚Äú√Ñra der Pandemien‚Äù. Am 26. Januar k√ºndigte sie die Gr√ºndung einer neuen Beh√∂rde mit dem sch√∂nen Namen ‚ÄúHera‚Äù an, die k√ºnftige Pandemien besser erkennen und die Bek√§mpfung koordinieren soll ‚Äì und die Verteilung gro√üer Geldbetr√§ge an die Konzerne koordinieren.
Denn Kern von Hera soll die Zusammenarbeit von √∂ffentlichen Institutionen und Unternehmen sein.",NA,NA,z.T.,"Merkel, WEF, Klaus Schwab","oft verbunden mit ""Great Reset"" oder ""NWO"""
VTs,QAnon,Anti-Christentum,Eliten in Politik und Wirtschaft sind Satanisten oder vom Teufel beeinflusst oder arbeiten heimlich gegen das Christentum.,"Satanistische Elite handelt immer so, bevor die einen B√∂sen Plan ins Leben setzt, muss die Menschen Bescheid geben, das machen die im Form eines Filmes. Vor allem Hollywood.  RITUAL.","Diese Untergrundbasen weltweit sind schon unter Kontrolle der White Hats !!!
Es gibt aber auch noch nicht befreite Untergrundbasen.
Super geniale detaillierte Infos! MK Ultra, Mind Control, befreite Kinder, etc. etc. etc.
Alle Untergrundbasen weltweit sind mit einer Untergrundbahn mit 27000 km/h verbunden!
Dieses Video ist der Hammer!
Gegen Ende des Videos: Die Satanistin Clinton wollte die gesamte Erdbev√∂lkerung eliminieren...",QAnon,"QAnon, Evangelikale",nein,NA,NA
VTs,QAnon,QAnon,"Q, ein anonymer Patriot mit Zugang zu streng geheimen Informationen der US-Regierung, teilt chiffrierte Informationen, Einsch√§tzungen und Ank√ºndigungen √ºber Q-Drops mit Gleichgesinnten. Pr√§sident Donald Trump ist der Auserw√§hlte, der im Verborgenen gegen eine weltweit agierende finstere Elite vorgeht. Trump hat einen geheimen Plan, dem man vertrauen soll; er spielt 5D-Schach mit seinen Gegnern. WWG1WGA.","Dieser Skandal liebe Freunde ist der gr√∂√üte in der Geschichte der gesamten Demokratiegeschichte (sofern es eine solche √ºberhaupt gibtüòâ)

Und JAWOLL VERDAMMT, dies ist auch wichtig f√ºr Deutschland.

Warum?
1. Spricht es sich mit einem Trump in Punkto Friedensvertrag angenehmer, als mit so einem P√§do Goofy Biden

und 2. was viel wichtiger ist.
Seit der Bekanntgabe das auch von Servern auf dem Gebiet der sog. BRaD (Frankfurt) Einflu√ü auf die Wahl genommen wurde, hat diese Nummer einen Charakter eines globalen Ungeheuers, welches gerade mitten im Todeskampf steckt und kurz davor ist, endg√ºltig erschlagen zu werden.","Vollidioten am Werk...
Wir haben von Lebensmittel gesprochen und nicht von diesem Papier.. wie kann man so behindert sein und sich um sowas kloppen...
Ihr wurdet getriggert auf dieses damit im Hirn mal langsam sich was bewegt im bezug auf Vorsorge und keine Panik auf Lebensmittel ausbricht...ist uns gelungen....nun wird besonnen eingekauft ohne Kolateralsch√§den am Menschen . MK Ultra kann man auch f√ºr was gutes einsetzen.
Ach wenn alles an Kriminellen eingesammelt ist brauchen wir auch""Corona"" nicht mehr...aberüòé  Vertraut dem Plan und bleibt ohne Angst...",NA,QAnon,nein,NA,"sehr weites Spektrum rund um ""Q"" und ""Q-Drops"", oft erkennbar am Slogan der Bewegung (""wwg1wga"": ""where we go one, we go all""); zentrale Narrative um Trump als Heilsbringer und ""p√§dophile demokratische Eliten""; konkrete Einzelnarrative separat: Staat im Staate (""Deep State""), Kindesmissbrauch (""Kinder-/Frauensch√§digung""), satanistische Eliten (""Anti-Christentum"") und ""Millenarismus"""
VTs,QAnon,Kinder-/Frauensch√§digung,"Ein internationaler Kinderh√§ndlerring unter Beteiligung von Prominenten aus Politik und Hollywood sowie von bekannten Organisationen entf√ºhrt Kinder und beutet sie sexuell aus. Entf√ºhrte Kinder werden in unterirdischen Anlagen gefangengehalten, gefoltert oder ermordet, um Adrenochrom zu gewinnen, das als Verj√ºngungsserum der Eliten fungiert.","wenn der sex mit kleinkindern nicht schlimm genug w√§re, was mich so richtig schockiert hat war, dass die diese droge adrenochome aus deren blut gewinnen uuund die kinder danach schlachten und essen... laut den videos die ich dar√ºber gesehen habe und was ich dar√ºber gelesen habe... ich kann es bis jetzt noch nicht glauben, bzw. vielleicht will ich es einfach nicht glauben, weil diese vorstellung so schrecklich ist und unvorstellbar... wie kann man sowas nur machen, oder nur √ºber sowas nachdenken.","‚òùÔ∏è Videos von √úberwachungskameras zeigen wie Kinder entf√ºhrt werden oder dies versucht wird !

Tiefer Staat Blo√ügestellt
TWEETET DAS WEITER, TEILT ES! Echte Aufnahmen von Babygreifern des Kindersexhandels, auf frischer Tat ertappt!!!",QAnon,QAnon,nein,NA,NA
VTs,Rechte VTs,Gro√üer Austausch,"Es gibt einen geheimen Plan namens gro√üer Austausch oder Bev√∂lkerungsaustausch, in dem es darum geht, die wei√üe, christliche oder europ√§ische Bev√∂lkerung mit anderen Menschen auszutauschen oder sie zu vernichten, indem man leichter zu kontrollierende Muslime oder Afrikaner nach Europa holt.","Schuld daran sind die Politiker, die uns diese Paralellgesellschaft importiert haben. Wir wurden nie gefragt, ob wir islamische Ersetzungsmigration wollten. Wir wurden gezwungen die Islamisierung Wiens und Europas hinzunehmen. Denn jeder Kritiker wurde politisch verfolgt, zensiert, mit dem Stra√üenterror der Linken und dem Meinungsterror der Presse fertig gemacht. Alles was jetzt passieren wird ist die Schuld unsere Politiker!","Wenn ein Pferd im Kuhstall geboren wird, macht es nicht ""muh"" und gibt auch keine Milch.
Wenn die erstmal die Mehrheit hier zusammengekindert haben, dann zeigen die ihr wahres Gesicht. 700 Jahre lang haben sie die Spanier und Portugiesen terrorisiert - erst, als man sie end√ºltig vertrieb, gab es Ruhe. Wenn Sie Moslems (egal welcher Nationalit√§t) trauen, nur zu! 
Werden Sie schon sehen, was Sie davon haben (""Bereicherung""...).","Massenvernichtung, GMF",Rechte,nein,"Soros, Rothschild, Zionisten, Gates, Globalisten, Merkel",zentrales Narrativ der Identit√§ren Bewegung
VTs,Rechte VTs,BRD GmbH,"Deutschland ist kein souver√§ner Staat, sondern wird noch immer von den allierten Besatzungsm√§chten kontrolliert. Einen Friedensvertrag oder eine echte Verfassung gab es nie f√ºr die Bundesrepublik. Die SHAEF-Gesetze gelten weiterhin. Deutschland existiert rechtlich weiter in den Grenzen des Deutschen Reichs. Die BRD GmbH ist eine Firma, die nach dem Zweiten Weltkrieg installiert wurde, um Gewinne f√ºr die westlichen Siegerm√§chte zu erwirtschaften, prim√§r f√ºr die USA. Die Bundesregierung ist lediglich die Gesch√§ftsf√ºhrung der BRD GmbH. Deutsche Politiker, Richter, Beamte und Staatsangestellte inszenieren die staatliche Souver√§nit√§t der Firma BRD GmbH oder Germoney nur.","Wir haben draussen 36 Grad der Fu√üpilz virus stirbt ab 20 Grad ab und dann soll am we der Lockdown kommen.  Man soviele dumme Menschen auf einem Haufen. Aber die BRD GmbH freut sich auf die Verstaatlichung mancher Firmen..  die reiben sich die H√§nde. N√§chster lockdown und und Ihr seid fast alle Arbeitslos.  Es gibt √ºbrings eine Ma√ünahme schriftlich von der BRD GmbH wo drin steht wann sie was machen.  Kann man lesen seit feb 2020 oder soll ich lieber sagen 2018!!!üòÇüòÇüòÇüòÇüòÇmerkt ihr noch was ? Ach ne  
Wie hei√üt das noch so sch√∂n nimm den deutschen das Geld und das Essen weg und sie werden wach","Klarstellung:Diese Politikerin hat bei Beitritt zur Politik den Gelben Schein (Best√§tigung glaubhaftmachung ""Deutsch"" aus dem Kolonie Deutsch 1934 A.Hitler) beantragt beim 
Bundesverwaltungsamt co.
BRD=Rechtsnachfolger des ""3.Reiches"" =NSDAP A.Hittler Beweismittel :Personalausweis
Staatsangeh√∂rigkeit =Deutsch.
Also wer ist hier der NAZI bitte!?
Sie ja wohl mit Best√§tigung .. und sie die 84 aktuelle NAZI Gesetze in Anwendung haben..die laut SHAEF Alliiertengesetz verboten sind",NA,"Rechte, QAnon",nein,"Merkel, Hitler",S.H.A.E.F. ist eine Verbindung aus Reichsb√ºrgertum und QAnon
Allgemeine Narrative,GMF,Rechtsgeschwurbel / gruppenbezogene Menschenfeindlichkeit (GMF),"Ausl√§nder, Juden, Muslime, Nicht-Wei√üe, Homosexuelle, Behinderte, Frauen, Gutmenschen, Linke oder andere Gruppen sind minderwertig, unmoralisch und/oder gef√§hrlich. Wei√üe sind anderen Rassen √ºberlegen. Das Land ist √ºberfremdet. Fl√ºchtlinge sind kriminell und Sozialschmarotzer. Horden muslimischer Fl√ºchtlinge bedrohen Europa. Die traditionelle Familie aus Vater, Mutter, Kind soll zerst√∂rt werden. Kinder sollen fr√ºhsexualisiert werden. Ausl√§nder achten unsere Kultur und Gesetze nicht. Politiker wie Merkel sind Volksverr√§ter. Der Zweite Weltkrieg war nicht so, wie ihn die Geschichtsschreibung darstellt. Deutsche haben im Zweiten Weltkrieg besonders gelitten; St√§dte wurden von den Allierten ausgebombt, Frauen wurden vergewaltigt, Familien aus ihrer angestammten Heimat vertrieben. Aktionen von Black Lives Matter (BLM) und der Antifa kosten viele Leben.","Hallo zusammen, weiter oben Stand etwas √ºber des F√ºhrers T√∂chter und er w√§re 1955 cs. Verstorben. Alles nur fast richtig. Sein Sohn - Adolf Hitler Junior, f√ºhrt das existente 3.Reich. Im Innern der Erde. Die meisten Auswanderer die bis 1947/49 Deutschland verlassen haben. Gestorben ist Adolf H. 1978 und w√ºrde auf der spanischen Insel Zaragoza unter seinem B√ºrgerlichen Namen beerdigt.  Nur kurz zur richtig Stellung. Neu Berlin usw. Existiert definitiv. ü§´",Alles Schwuchteln geworden ohne Witz wir haben nicht einmal mehr M√§nner die kriegen nicht einmal mehr einen hoch durch diese Mikro-Plastik welche zu Weichmachern werden. Impotent durch diese Zionistische Industrie.,NA,Rechte,nein,NA,"alle gro√üen rechten Diskurse, die nicht gesondert als einzelnes Narrativ gelistet sind; rassistische, islamfeindliche usw. √Ñu√üerungen"
Allgemeine Narrative,Klimageschwurbel,Klimageschwurbel,"Der menschengemachte Klimawandel ist nicht real, sondern eine gro√üe L√ºge. Wenn es √ºberhaupt Klimawandel gibt, so ist er nicht menschengemacht und rechtfertigt keine Hysterie; nat√ºrlichen Klimawandel gab es im Laufe der Geschichte immer wieder. Es gibt eine Anti-CO2-Mafia. Greta Thunberg ist eine bezahlte Hochstaplerin. CO2 ist nicht sch√§dlich, sondern gut. Die Klimapolitik ist Teil einer links-gr√ºnen Verschw√∂rung gegen die Bev√∂lkerung und deren Eigentum. Politiker betreiben Klimapolitik aus Profitgier.","Die kapieren scheinbar nicht, dass Pflanzen, mittels Photosynthese, daraus unseren Sauerstoff machen....EUGH hat eine co2 Steuer eigentlich als nicht ""legal"" beurteilt....Aber wenns um Geld geht, kennt der Staat kein Recht und halten mehr....irgendwoher mu√ü die Kohle f√ºr den gewaltigen Irrsinn unserer Politiker ja kommen... Pl√ºndern wir mal weiter den Mittelstand aus.... 
Mu√ü aufh√∂ren, sonst bekomm ich noch orale diar√∂h....","weil die ""Studie"" l√§cherlich ist... 20-25 Kinder? lol und dann wird nur irgendwas unter der Maske gemessen und behauptet, dass es die inhalierte Luft ist. Aber warum misst man nicht auch den Sauerstoffgehalt? oder noch besser den Sauerstofflevel im Blut? das geht doch easy mit den Fingerclips...
Wer sagt denn, das CO2 sch√§dlich ist? kommt es letztendlich nicht auf den Sauerstoffgehalt an? ü§î 
selbes Spiel wie mit der Klimahysterie... ""CO2 ist B√ñSE, Sch√§dlich etc pp""...",NA,Rechte/Rechtskonservative,nein,"Greta Thunberg, Merkel",generelle Verneinung/Umkehrung wissenschaftlicher Erkenntnisse zum Klimawandel
Allgemeine Narrative,Schlafschafe,Schlafschafe,"Ein gro√üer Teil der Bev√∂lkerung ist gehirngewaschen und hat keine Ahnung, was wirklich in der Welt vor sich geht. Schlafschafe lassen sich von den Medien blenden und erdulden alles wie brave Schafe, anstatt sich zu wehren.","einer der bekannteste F√§lle zur Anwendung von Zirkelschluss und AIDA-Konzept ist √ºbrigens Corona - apokalyptische Szenarien (unterschiedlichster Machart) sorgen f√ºr Aufmerksamkeit und die gleichen Experten best√§tigen die eigenen Schlussfolgerungen

Und die jewaligen ""Gl√§ubigen"" glauben das was ihne die eigenen Experten udn Prediger verk√ºnden - und wie so oft, haben manche Gl√§ubige noich eine Mischung aus Kreuzzugsmentalit√§t und Endzeitstimmung","Die meisten Menschen sind komplette Linkshirnis bzw dahin umerzogen worden, und funktionieren deshalb auch wie Multifunktions-Antibioroboter und von ihren Hirngrills ferngesteuerte Labyrindviecher",Kontrolle (allgemein),NA,nein,Massenmedien,oft in Verbindung mit Indoktrinationsnarrativen
Allgemeine Narrative,Millenarismus,Millenarismus,"Der Tag des gro√üen Umsturzes, der gro√üen Ver√§nderung oder der Abrechnung steht bevor. Auch wenn es nicht so aussieht, verl√§uft alles nach Plan, und die Dinge werden sich bald zum Guten wenden. Ein gro√ües Ereignis steht unmittelbar bevor, das alles ver√§ndern wird. Am Tag X wird das Volk sich erheben, die Regierung st√ºrzen und zur Rechenschaft ziehen.","Die Patrioten haben die volle Kontrolle √ºber alles, was geschieht. Auch die massive Zensurwelle der Social-Media-Konzerne ist von Anfang an eingeplant. Sie wussten, dass das ihr letzter verzweifelter Versuch ist, die Dinge aufzuhalten. Sie entlarven sich damit nur noch umso mehr und das ist genau das, was die Patrioten wollen. Es ist die zweite Welle.","Horsti hat sich ausgedreht. 
Nach mehr Wendungen in ein Paar Jahren als ein Schwarm Wendeh√§lse im ganzen Leben  hin bekommt hat der DREHHOFER sich nun wohl den Hals verrenkt .  Kein Wunder bei all dem Hin und Her kann dem greisen Herren schon mal schwindelig werden . 
Und das mit dem Schwindeln ist ja auch eines seiner Probleme gewesen. 
Nun lobt der dir Gro√üe F√ºhrerin noch mal √ºber den gr√ºnen Klee und und duckt dann m√∂glichst schnell ab. 
Denn am Tag der Rechenschaft ist er der Hotte dann schon vom Acker.",NA,QAnon,nein,NA,"oft im Kontext von QAnon, aber auch bei Rechten verbreitet"
Allgemeine Narrative,Staat als Gegner,Wahlbetrug,Die Wahlen sind nicht sicher und werden im gro√üen Stil manipuliert.,"Heute Morgen fielen einige wichtige Neuigkeiten bez√ºglich der Sicherheit der Wahlen im Jahr 2020 in Arizona. Laut Rechtsanwalt Matt DePerno gab es am 3. November 2020 (Wahltag) eine Sicherheitsl√ºcke der Registrierungsserver in Arizona. Dieser Versto√ü war Au√üenministerin Katie Hobbs bekannt, aber bis heute hielt sie ihn vor der √ñffentlichkeit. Der Aufsichtsrat von Maricopa County wusste auch davon, hielt es aber geheim.","Ja genau, schade dass die ""freie Meinungs√§usserung"" nur gilt so lange man ""f√ºr"" die Regierung oder die Kontrollierenden die hinter dem Chat stehen ist. Ich habe viele der Kan√§le gel√∂scht, vieles ist fake und dient nicht dazu Wahrheiten zu verbreiten sondern eben Unwahrheiten zu teilen, Leute aufzubauschen anstelle √ºber Aff√§ren, Covid Hoax, gef√§lschte und betrogene Wahlen und all die anderen Sachen die so abgehen zu berichten, sollen wir angehalten werden ""bloss der Regierung zu glauben"" weil die ""es ja schon richtig machen""","Kontrolle (allgemein), Institutionsskepsis",QAnon,nein,NA,i.d.R. Bezug auf amerikanische Pr√§sidentschaftswahl 2020
Allgemeine Narrative,Staat als Gegner,Deep State,"Es gibt eine versteckte Machtstrukturen innerhalb des Staates, den tiefen Staat, Tiefstaat, Deep State (DS) oder Staat im Staate, der heimlich die Politik lenkt.","Die Geimpften sind Sooooo folgenschwer f√ºr die System-Maschinerie.üôàüò°ü§®

All diese Menschen, die das freiwillig oder halbfreiwillig ( gezwungen wurde NIEMAND!!!!)
mitmachen, n√§hren das System des DS und halten es am Leben!","Oberfl√§chlich betrachtet passiert gar nichts. Das ist wichtig, denn die Optik ist entscheidend. Warum solltest Du Deinem Feind Deine n√§chsten Schritte offenbaren? Du agierst, als wenn √ºberhaupt nichts w√§re. Der Tiefstaat, die korrupten Politiker, sie sollen sich sicher f√ºhlen und glauben, dass sie wieder die volle Macht und Kontrolle haben.","Kontrolle (allgemein), Institutionsskepsis",QAnon,nein,"CIA, USA, FBI","sehr altes Narrativ, geht mind. bis ins 18. Jahrhundert zur√ºck (Illuminaten haben den bayerischen Staat unterwandert); bei QAnon scheint der ""Deep State"" sogar international zu agieren"
Allgemeine Narrative,Staat als Gegner,Demokratur,"Deutschland ist kein Rechtsstaat, sondern eine Diktatur, in der politikgelenkte Korruption und juristische Willk√ºr herrschen. Die Demokratie ist bereits zerst√∂rt und eine Diktatur errichtet worden, oder die Demokratie und der Rechtsstaat sollen zerst√∂rt und durch eine Diktatur oder Scheindemokratie, eine Demokratur, ersetzt werden.","Verkehrte Welt, und zwar √ºberall, denn es war schon immer ein Schein-Rechtsstaat, Recht haben und Recht bekommen zweierlei Paar Schuhe... üòí","Man will unbedingt vermeiden, dass die Wahrheit ans Licht kommt. Es gibt keine Diskussion und das in einer Demokratie, die wir durch das Infektionsschutzgesetz jetzt gar nicht mehr haben. Deutschland ist im Faschismus schon angekommen.","Kontrolle (allgemein), Institutionsskepsis",NA,nein,Merkel,NA
Allgemeine Narrative,Staat als Gegner,Systemlinge,"Eine Person oder Gruppe handelt vorgeblich aus freiem Antrieb, ist in Wahrheit aber ein Systemling, der vom System oder Staat gesteuert und bezahlt wird.","Noch mal ein kleiner R√ºckblick vom 04. Januar 2020. Stellen wir uns mal vor eine wildgewordene Horde Irrer w√ºrde derart auf musl***, j√ºd*** linke oder sonstige Mitb√ºrger losgehen. Da w√ºrde doch sicherlich eine Sondersendung nach der n√§chsten ausgestrahlt werden. Merkel, Seehofer...usw. h√§tten diese Aktion auf's sch√§rfste verurteilt und weitere Stellen gegen diese ""B√∂sewichte"" geschaffen, die auf andere losgehen und eine echte und terroristische Gefahr f√ºr das Land darstellen.Die politisch korrekten und staatlich finanzierten Schl√§gertrupps k√∂nnen sich hier einfach alles leisten und werden sogar bundesweit mit Reisebussen rangekarrt. Willkommen in Absurdistan‚Äº",AFD sind Berufspolitiker und gesteuerte Zionisten. Kontrollierte Opposition,"Kontrolle (allgemein), Institutionsskepsis",NA,nein,NA,"kann auch andere Schwurbler betreffen, die sich nicht auf eigener Linie befinden"
Allgemeine Narrative,Indoktrination,L√ºgenpresse,"Die Medien oder der Mainstream l√ºgen die Bev√∂lkerung an, sie verschweigen Wahrheiten und Zahlen oder betreiben Gehirnw√§sche.","Oliver Janich¬†zu Teilnehmerzahlen:¬†Beweise¬†f√ºr Zahlenbetrug¬†beim Mainstream: Polizei UND Presse vermeldeten erst 1,3 Millionen Demonstranten....¬†¬†¬†¬† und wenn dann noch die dicht
gedr√§ngten Menschen am Reichstag dazugez√§hlt werden, sowie die Vielen an anderen Veranstaltungsorten, dann konnten es locker noch viel, viel mehr gewesen sein. Bis Min. 11 hinzu kamen t√§glich mehr als 30.000 online-Teilnehmer!","√Ñrzte bezeichnen die Corona-Impfung als ‚Äûvors√§tzliche grobe K√∂rperverletzung‚Äú, zehntausende haben bereits gegen eine Impfpflicht unterschrieben und die Nebenwirkungen sind teils heftig. Warum liest man davon nichts in den Mainstream-Medien? ‚Äî Weil sie euch vors√§tzlich bel√ºgen???",Institutionsskepsis,NA,nein,Massenmedien,"""Systemmedien"" ist die Steigerungsform"
Allgemeine Narrative,Indoktrination,Systemmedien,"Die Medien oder der Mainstream werden von einer Gruppe oder der Politik kontrolliert und gesteuert. Die √ñffentlichkeit wird systematisch von einer m√§chtigen Gruppe in die Irre gef√ºhrt, die steuern kann, welche Informationen an die √ñffentlichkeit kommen. Bestimmte Informationen werden von den Medien unterdr√ºckt oder zensiert. Es gibt keine Pressefreiheit.","Es gibt eine Behandlung mit einem Medikament, die in Verbindung mit Vitamin D3, Zink und anderen Covid19 zu ca. 90% vorbeugen und heilen soll. Dazu gibt es √ºber 20 internationale Studien. Jedoch werden diese Informationen zensiert. Es entsteht der Anschein, dass nicht die Gesundheit im Vordergrund gewisser M√§chte steht, sondern die mediale Panikmache, um ein RNA Massenimpfung durchzusetzen, die Risiken mit sich bringt, die noch nicht vollst√§ndig absehbar sind.   Bitte massenhaft teilen!","Die TV-Nachrichten unter die Lupe genommen. Werden wir komplett gesteuert und gelenkt? Wenn ja, wie und von wem? Und noch wichtiger: Warum? In dieser mehrteiligen Dokumentation finde wir es heraus.
Im ersten Teil ""Falsche Worte, Falsche Bilder"" widmen wir uns dem Manipulator Nummer 1 - dem Fernsehen - und hier in erster Linie den Nachrichten.","Kontrolle (allgemein), Institutionsskepsis, L√ºgenpresse",NA,z.T.,Massenmedien,NA
Allgemeine Narrative,Indoktrination,Meinungsdiktatur,"Kritische Stimmen werden im √∂ffentlichen Diskurs und in sozialen Medien unterdr√ºckt oder unsichtbar gemacht. Es herrscht eine Meinungsdiktatur, ein gesellschaftlicher Druck, nur erw√ºnschte Meinungen √ºberhaupt zu √§u√üern. Bei freier Meinungs√§u√üerung drohen ernste Konsequenzen; die Redefreiheit wird unterdr√ºckt.","‚Äº Stasi Merkels S√§uberung ist voll im Gang ‚Äº

Der Ost-Beauftragte der Bundesregierung, Christian Hirte, tritt auf Betreiben von Bundeskanzlerin¬†Angela Merkel zur√ºck.

Das teilte¬†der CDU-Politiker am Samstag in einer Twitter-Nachricht mit. Merkel habe ihm im Gespr√§ch mitgeteilt, dass er nicht l√§nger Beauftragter f√ºr die Neuen L√§nder sein k√∂nne. ‚ÄûIhrer Anregung folgend, habe ich daher um meine Entlassung gebeten‚Äú, erkl√§rte er. Regierungssprecher Steffen Seibert teilte zudem mit, die Kanzlerin habe dem Bundespr√§sidenten Hirtes Entlassung als Wirtschaftsstaatssekret√§r vorgeschlagen.

Ausl√∂ser ist eine Nachricht des 43-J√§hrigen¬†auf Twitter: Hirte, der aus Th√ºringen stammt und dort stellvertretender CDU-Chef ist, hatte ausdr√ºcklich zur Wahl des Th√ºringer¬†FDP-Ministerpr√§sidenten Thomas Kemmerich gratuliert, der mit¬†AfD-Stimmen gew√§hlt worden war. Er schrieb an Kemmerich: ‚ÄûDeine Wahl als Kandidat der Mitte zeigt noch einmal, dass die Th√ºringer Rot-Rot-Gr√ºn abgew√§hlt haben. Viel Erfolg f√ºr diese schwierige Aufgabe zum Wohle des Freistaats","Was ist denn in Madonna gefahren: ""‚ÄûDie Wahrheit wird uns alle befreien!‚Äú, so Madonna. ‚ÄûAber einige Menschen wollen die Wahrheit nicht h√∂ren. Insbesondere die M√§chtigen, die aus dieser langen Suche nach einem Impfstoff Kapital schlagen.‚Äú"" Prompt wurde sie Opfer von Instagram- und Twitter-Zensur, die sich immer mehr als Besitzer der einzigen Wahrheit aufspielen. Vielfalt gilt in dieser armseligen digitalen Diktatur nat√ºrlich nicht f√ºr Meinungen...",Kontrolle (allgemein),NA,z.T.,Massenmedien,NA
Allgemeine Narrative,Pseudowissenschaft,Esoterik,"Es gibt Engel, Einstellungen, Heilkristalle, Gebete, Schwingungs- und Lichttherapien, die bei Erkrankungen helfen. Impfungen k√∂nnen ausgetrieben werden. Alles ist Schwingung.","Da ich in meinem 50 j√∂hrigen Leben immer das Ph√§nomen der Ansteckung erlebt habe, denke ich, dass es durchaus ""etwas"" gibt, das zu einer √úbertragung f√ºhrt, sofern (und nur dann!) wenn das ""Milieu stimmt"" ich also durch Schw√§che (geschw√§chtes Immunsystem durch z.B. gestresdte Psyche) anf√§lkig daf√ºr bin. Das muss deshalb aber kein ""Virus "" sein - vielleicht eher eine Art Feld... altmodisch ausgedr√ºckt k√∂nnte man es als D√§mon bezeichnen. Letztlich ist ja alles Schwingung!","Das ist aufregend, denn wir sind alle in diesen sch√∂nen Lichtfrequenzen eingebunden, die sich auf unsere Herzen konzentrieren, immer mitf√ºhlender, bescheidener, gro√üz√ºgiger werden, wir sind zusammen, wir sind in Liebe, Gerechtigkeit, Gleichheit vereint.
Dieser Monat wird sich ab heute erinnern und alle zwei oder drei Tage wird er kleine Energieexplosionen starten, um uns dabei zu helfen, die Frequenz zu erh√∂hen.F√ºr diejenigen, die diese Nachricht gelesen haben, sie sind weit entfernt vom Schlaf, sie halten eine h√∂here Vibration.",NA,Esoteriker,nein,NA,NA
Allgemeine Narrative,Pseudowissenschaft,Medischwurbel,"Die Schulmedizin oder westliche Medizin ist sehr fehlerhaft und sogar gef√§hrlich. Alternativmedizinische Ans√§tze wie Entgiftung, Entschlackung, Hom√∂opathie und Naturheilkunde sind wirksam und empfehlenswert. Grunds√§tzliche medizinische Annahmen wie die Existenz von Viren oder die Wirksamkeit von Impfungen sind wissenschaftlich nicht nachgewiesen oder komplett erlogen.","Folgend ein unfassbar guter Artikel auf Rubikon. Dieser zeigt eine weitere Studie, bei der ungeimpfte Kinder ges√ºnder als geimpfte Kinder sind.
1. Das RKI konnte auf Anfrage keine Studie nennen, bei der geimpfte Kinder ges√ºnder sind.
2. ungeimpfte Kinder sind ges√ºnder.
3. keine Doppelverblindete Studien bei Impfstoffen.
4. Impfsch√§den werden so gut wie gar nicht gemeldet unter 5 %
5. Placebogruppen bekommen die gleichen Giftstoffe wie die Kontrollgruppe
Und vieles mehr.","Um zu verstehen, warum bis heute kein krankmachendes Virus wissenschaftlich nachgewiesen wurde und die Fakten zu kennen, damit die Ma√ünahmen mit sofortiger Wirkung beendet werden m√ºssen, gibt es jetzt die wichtigsten Artikel im neuen Gewand",NA,Impfgegner,nein,Impfgegner,"In der Variante ""Viren gibt es nicht"" unter Impfgegnern verbreitet"
